time,ep_x,ep_y,ep_z,p_cx,p_cy,p_cz,p_dx,p_dy,p_dz
0.0,0.0,0.0,0.0,0.0,0.0,0.0,0.0,0.0,0.0
0.018000000000000002,0.0,0.0,0.0,0.0,0.0,0.0,0.0,0.0,0.0
0.03600000000000002,0.0,0.0,0.0,0.0,0.0,0.0,0.0,0.0,0.0
0.054000000000000034,0.0,0.0,0.0,0.0,0.0,0.0,0.0,0.0,0.0
0.07200000000000005,0.0,0.0,0.0,0.0,0.0,0.0,0.0,0.0,0.0
0.09000000000000007,0.0,0.0,0.0,0.0,0.0,0.0,0.0,0.0,0.0
0.10800000000000008,0.0,0.0,0.0,0.0,0.0,0.0,0.0,0.0,0.0
0.12600000000000008,0.0,0.0,0.0,0.0,0.0,0.0,0.0,0.0,0.0
0.1440000000000001,0.0,0.0,0.0,0.0,0.0,0.0,0.0,0.0,0.0
0.16200000000000012,0.0,0.0,0.0,0.0,0.0,0.0,0.0,0.0,0.0
0.18000000000000013,0.0,0.0,0.0,0.0,0.0,0.0,0.0,0.0,0.0
0.19800000000000015,0.0,0.0,0.0,0.0,0.0,0.0,0.0,0.0,0.0
0.21600000000000016,0.0,0.0,0.0,0.0,0.0,0.0,0.0,0.0,0.0
0.23400000000000018,0.0,0.0,0.0,0.0,0.0,0.0,0.0,0.0,0.0
0.25200000000000017,0.0,0.0,0.0,0.0,0.0,0.0,0.0,0.0,0.0
0.2700000000000002,0.0,0.0,0.0,0.0,0.0,0.0,0.0,0.0,0.0
0.2880000000000002,0.0,0.0,0.0,0.0,0.0,0.0,0.0,0.0,0.0
0.3060000000000002,0.0,0.0,0.0,0.0,0.0,0.0,0.0,0.0,0.0
0.32400000000000023,0.0,0.0,0.0,0.0,0.0,0.0,0.0,0.0,0.0
0.34200000000000025,0.0,0.0,0.0,0.0,0.0,0.0,0.0,0.0,0.0
0.36000000000000026,0.0,0.0,0.0,0.0,0.0,0.0,0.0,0.0,0.0
0.3780000000000003,0.0,0.0,0.0,0.0,0.0,0.0,0.0,0.0,0.0
0.3960000000000003,0.0,0.0,0.0,0.0,0.0,0.0,0.0,0.0,0.0
0.4140000000000003,0.0,0.0,0.0,0.0,0.0,0.0,0.0,0.0,0.0
0.43200000000000033,0.0,0.0,0.0,0.0,0.0,0.0,0.0,0.0,0.0
0.45000000000000034,0.0,0.0,0.0,0.0,0.0,0.0,0.0,0.0,0.0
0.46800000000000036,0.0,0.0,0.0,0.0,0.0,0.0,0.0,0.0,0.0
0.4860000000000004,0.0,0.0,0.0,0.0,0.0,0.0,0.0,0.0,0.0
0.5040000000000003,0.0,0.0,0.0,0.0,0.0,0.0,0.0,0.0,0.0
0.5220000000000004,0.0,0.0,0.0,0.0,0.0,0.0,0.0,0.0,0.0
0.5400000000000004,0.0,0.0,0.0,0.0,0.0,0.0,0.0,0.0,0.0
0.5580000000000004,0.0,0.0,0.0,0.0,0.0,0.0,0.0,0.0,0.0
0.5760000000000004,0.0,0.0,0.0,0.0,0.0,0.0,0.0,0.0,0.0
0.5940000000000004,0.0,0.0,0.0,0.0,0.0,0.0,0.0,0.0,0.0
0.6120000000000004,0.0,0.0,0.0,0.0,0.0,0.0,0.0,0.0,0.0
0.6300000000000004,0.0,0.0,0.0,0.0,0.0,0.0,0.0,0.0,0.0
0.6480000000000005,0.0,0.0,0.0,0.0,0.0,0.0,0.0,0.0,0.0
0.6660000000000005,0.0,0.0,0.0,0.0,0.0,0.0,0.0,0.0,0.0
0.6840000000000005,0.0,0.0,0.0,0.0,0.0,0.0,0.0,0.0,0.0
0.7020000000000005,0.0,0.0,0.0,0.0,0.0,0.0,0.0,0.0,0.0
0.7200000000000005,0.0,0.0,0.0,0.0,0.0,0.0,0.0,0.0,0.0
0.7380000000000005,0.0,0.0,0.0,0.0,0.0,0.0,0.0,0.0,0.0
0.7560000000000006,0.0,0.0,0.0,0.0,0.0,0.0,0.0,0.0,0.0
0.7740000000000006,0.0,0.0,0.0,0.0,0.0,0.0,0.0,0.0,0.0
0.7920000000000006,0.0,0.0,0.0,0.0,0.0,0.0,0.0,0.0,0.0
0.8100000000000006,0.0,0.0,0.0,0.0,0.0,0.0,0.0,0.0,0.0
0.8280000000000006,0.0,0.0,0.0,0.0,0.0,0.0,0.0,0.0,0.0
0.8460000000000006,0.0,0.0,0.0,0.0,0.0,0.0,0.0,0.0,0.0
0.8640000000000007,0.0,0.0,0.0,0.0,0.0,0.0,0.0,0.0,0.0
0.8820000000000007,0.0,0.0,0.0,0.0,0.0,0.0,0.0,0.0,0.0
0.9000000000000007,0.0,0.0,0.0,0.0,0.0,0.0,0.0,0.0,0.0
0.9180000000000007,0.0,0.0,0.0,0.0,0.0,0.0,0.0,0.0,0.0
0.9360000000000007,0.0,0.0,0.0,0.0,0.0,0.0,0.0,0.0,0.0
0.9540000000000007,0.0,0.0,0.0,0.0,0.0,0.0,0.0,0.0,0.0
0.9720000000000008,0.0,0.0,0.0,0.0,0.0,0.0,0.0,0.0,0.0
0.9900000000000008,0.0,0.0,0.0,0.0,0.0,0.0,0.0,0.0,0.0
1.0080000000000007,0.0,0.0,0.0,0.0,0.0,0.0,0.0,0.0,0.0
1.0260000000000007,0.0,0.0,0.0,0.0,0.0,0.0,0.0,0.0,0.0
1.0440000000000007,0.0,0.0,0.0,0.0,0.0,0.0,0.0,0.0,0.0
1.0620000000000007,0.0,0.0,0.0,0.0,0.0,0.0,0.0,0.0,0.0
1.0800000000000007,0.0,0.0,0.0,0.0,0.0,0.0,0.0,0.0,0.0
1.0980000000000008,0.0,0.0,0.0,0.0,0.0,0.0,0.0,0.0,0.0
1.1160000000000008,0.0,0.0,0.0,0.0,0.0,0.0,0.0,0.0,0.0
1.1340000000000008,0.0,0.0,0.0,0.0,0.0,0.0,0.0,0.0,0.0
1.1520000000000008,0.0,0.0,0.0,0.0,0.0,0.0,0.0,0.0,0.0
1.1700000000000008,0.0,0.0,0.0,0.0,0.0,0.0,0.0,0.0,0.0
1.1880000000000008,0.0,0.0,0.0,0.0,0.0,0.0,0.0,0.0,0.0
1.2060000000000008,0.0,0.0,0.0,0.0,0.0,0.0,0.0,0.0,0.0
1.2240000000000009,0.0,0.0,0.0,0.0,0.0,0.0,0.0,0.0,0.0
1.2420000000000009,0.0,0.0,0.0,0.0,0.0,0.0,0.0,0.0,0.0
1.260000000000001,0.0,0.0,0.0,0.0,0.0,0.0,0.0,0.0,0.0
1.278000000000001,0.0,0.0,0.0,0.0,0.0,0.0,0.0,0.0,0.0
1.296000000000001,0.0,0.0,0.0,0.0,0.0,0.0,0.0,0.0,0.0
1.314000000000001,0.0,0.0,0.0,0.0,0.0,0.0,0.0,0.0,0.0
1.332000000000001,0.0,0.0,0.0,0.0,0.0,0.0,0.0,0.0,0.0
1.350000000000001,0.0,0.0,0.0,0.0,0.0,0.0,0.0,0.0,0.0
1.368000000000001,0.0,0.0,0.0,0.0,0.0,0.0,0.0,0.0,0.0
1.386000000000001,0.0,0.0,0.0,0.0,0.0,0.0,0.0,0.0,0.0
1.404000000000001,0.0,0.0,0.0,0.0,0.0,0.0,0.0,0.0,0.0
1.422000000000001,0.0,0.0,0.0,0.0,0.0,0.0,0.0,0.0,0.0
1.440000000000001,0.0,0.0,0.0,0.0,0.0,0.0,0.0,0.0,0.0
1.458000000000001,0.0,0.0,0.0,0.0,0.0,0.0,0.0,0.0,0.0
1.476000000000001,0.0,0.0,0.0,0.0,0.0,0.0,0.0,0.0,0.0
1.494000000000001,0.0,0.0,0.0,0.0,0.0,0.0,0.0,0.0,0.0
1.5120000000000011,0.0,0.0,0.0,0.0,0.0,0.0,0.0,0.0,0.0
1.5300000000000011,0.0,0.0,0.0,0.0,0.0,0.0,0.0,0.0,0.0
1.5480000000000012,0.0,0.0,0.0,0.0,0.0,0.0,0.0,0.0,0.0
1.5660000000000012,0.0,0.0,0.0,0.0,0.0,0.0,0.0,0.0,0.0
1.5840000000000012,0.0,0.0,0.0,0.0,0.0,0.0,0.0,0.0,0.0
1.6020000000000012,0.0,0.0,0.0,0.0,0.0,0.0,0.0,0.0,0.0
1.6200000000000012,0.0,0.0,0.0,0.0,0.0,0.0,0.0,0.0,0.0
1.6380000000000012,0.0,0.0,0.0,0.0,0.0,0.0,0.0,0.0,0.0
1.6560000000000012,0.0,0.0,0.0,0.0,0.0,0.0,0.0,0.0,0.0
1.6740000000000013,0.0,0.0,0.0,0.0,0.0,0.0,0.0,0.0,0.0
1.6920000000000013,0.0,0.0,0.0,0.0,0.0,0.0,0.0,0.0,0.0
1.7100000000000013,0.0,0.0,0.0,0.0,0.0,0.0,0.0,0.0,0.0
1.7280000000000013,0.0,0.0,0.0,0.0,0.0,0.0,0.0,0.0,0.0
1.7460000000000013,0.0,0.0,0.0,0.0,0.0,0.0,0.0,0.0,0.0
1.7640000000000013,0.0,0.0,0.0,0.0,0.0,0.0,0.0,0.0,0.0
1.7820000000000014,0.0,0.0,0.0,0.0,0.0,0.0,0.0,0.0,0.0
1.8000000000000014,0.0,0.0,0.0,0.0,0.0,0.0,0.0,0.0,0.0
1.8180000000000014,0.0,0.0,0.0,0.0,0.0,0.0,0.0,0.0,0.0
1.8360000000000014,0.0,0.0,0.0,0.0,0.0,0.0,0.0,0.0,0.0
1.8540000000000014,0.0,0.0,0.0,0.0,0.0,0.0,0.0,0.0,0.0
1.8720000000000014,0.0,0.0,0.0,0.0,0.0,0.0,0.0,0.0,0.0
1.8900000000000015,0.0,0.0,0.0,0.0,0.0,0.0,0.0,0.0,0.0
1.9080000000000015,0.0,0.0,0.0,0.0,0.0,0.0,0.0,0.0,0.0
1.9260000000000015,0.0,0.0,0.0,0.0,0.0,0.0,0.0,0.0,0.0
1.9440000000000015,0.0,0.0,0.0,0.0,0.0,0.0,0.0,0.0,0.0
1.9620000000000015,0.0,0.0,0.0,0.0,0.0,0.0,0.0,0.0,0.0
1.9800000000000015,0.0,0.0,0.0,0.0,0.0,0.0,0.0,0.0,0.0
1.9980000000000016,0.0,0.0,0.0,0.0,0.0,0.0,0.0,0.0,0.0
2.0159999999999996,0.0,0.0,0.0,0.0,0.0,0.0,0.0,0.0,0.0
2.0339999999999976,0.0,0.0,0.0,0.0,0.0,0.0,0.0,0.0,0.0
2.0519999999999956,0.0,0.0,0.0,0.0,0.0,0.0,0.0,0.0,0.0
2.0699999999999936,0.0,0.0,0.0,0.0,0.0,0.0,0.0,0.0,0.0
2.0879999999999916,0.0,0.0,0.0,0.0,0.0,0.0,0.0,0.0,0.0
2.1059999999999897,0.0,0.0,0.0,0.0,0.0,0.0,0.0,0.0,0.0
2.1239999999999877,0.0,0.0,0.0,0.0,0.0,0.0,0.0,0.0,0.0
2.1419999999999857,0.0,0.0,0.0,0.0,0.0,0.0,0.0,0.0,0.0
2.1599999999999837,0.0,0.0,0.0,0.0,0.0,0.0,0.0,0.0,0.0
2.1779999999999817,0.0,0.0,0.0,0.0,0.0,0.0,0.0,0.0,0.0
2.1959999999999797,0.0,0.0,0.0,0.0,0.0,0.0,0.0,0.0,0.0
2.2139999999999778,0.0,0.0,0.0,0.0,0.0,0.0,0.0,0.0,0.0
2.231999999999976,0.0,0.0,0.0,0.0,0.0,0.0,0.0,0.0,0.0
2.249999999999974,0.0,0.0,0.0,0.0,0.0,0.0,0.0,0.0,0.0
2.267999999999972,0.0,0.0,0.0,0.0,0.0,0.0,0.0,0.0,0.0
2.28599999999997,0.0,0.0,0.0,0.0,0.0,0.0,0.0,0.0,0.0
2.303999999999968,0.0,0.0,0.0,0.0,0.0,0.0,0.0,0.0,0.0
2.321999999999966,0.0,0.0,0.0,0.0,0.0,0.0,0.0,0.0,0.0
2.339999999999964,0.0,0.0,0.0,0.0,0.0,0.0,0.0,0.0,0.0
2.357999999999962,0.0,0.0,0.0,0.0,0.0,0.0,0.0,0.0,0.0
2.37599999999996,0.0,0.0,0.0,0.0,0.0,0.0,0.0,0.0,0.0
2.393999999999958,0.0,0.0,0.0,0.0,0.0,0.0,0.0,0.0,0.0
2.411999999999956,0.0,0.0,0.0,0.0,0.0,0.0,0.0,0.0,0.0
2.429999999999954,0.0,0.0,0.0,0.0,0.0,0.0,0.0,0.0,0.0
2.447999999999952,0.0,0.0,0.0,0.0,0.0,0.0,0.0,0.0,0.0
2.46599999999995,0.0,0.0,0.0,0.0,0.0,0.0,0.0,0.0,0.0
2.483999999999948,0.0,0.0,0.0,0.0,0.0,0.0,0.0,0.0,0.0
2.501999999999946,0.0,0.0,0.0,0.0,0.0,0.0,0.0,0.0,0.0
2.519999999999944,0.0,0.0,0.0,0.0,0.0,0.0,0.0,0.0,0.0
2.537999999999942,0.0,0.0,0.0,0.0,0.0,0.0,0.0,0.0,0.0
2.55599999999994,0.0,0.0,0.0,0.0,0.0,0.0,0.0,0.0,0.0
2.573999999999938,0.0,0.0,0.0,0.0,0.0,0.0,0.0,0.0,0.0
2.591999999999936,0.0,0.0,0.0,0.0,0.0,0.0,0.0,0.0,0.0
2.609999999999934,0.0,0.0,0.0,0.0,0.0,0.0,0.0,0.0,0.0
2.627999999999932,0.0,0.0,0.0,0.0,0.0,0.0,0.0,0.0,0.0
2.64599999999993,0.0,0.0,0.0,0.0,0.0,0.0,0.0,0.0,0.0
2.663999999999928,0.0,0.0,0.0,0.0,0.0,0.0,0.0,0.0,0.0
2.681999999999926,0.0,0.0,0.0,0.0,0.0,0.0,0.0,0.0,0.0
2.6999999999999242,0.0,0.0,0.0,0.0,0.0,0.0,0.0,0.0,0.0
2.7179999999999223,0.0,0.0,0.0,0.0,0.0,0.0,0.0,0.0,0.0
2.7359999999999203,0.0,0.0,0.0,0.0,0.0,0.0,0.0,0.0,0.0
2.7539999999999183,0.0,0.0,0.0,0.0,0.0,0.0,0.0,0.0,0.0
2.7719999999999163,0.0,0.0,0.0,0.0,0.0,0.0,0.0,0.0,0.0
2.7899999999999143,0.0,0.0,0.0,0.0,0.0,0.0,0.0,0.0,0.0
2.8079999999999123,0.0,0.0,0.0,0.0,0.0,0.0,0.0,0.0,0.0
2.8259999999999104,0.0,0.0,0.0,0.0,0.0,0.0,0.0,0.0,0.0
2.8439999999999084,0.0,0.0,0.0,0.0,0.0,0.0,0.0,0.0,0.0
2.8619999999999064,0.0,0.0,0.0,0.0,0.0,0.0,0.0,0.0,0.0
2.8799999999999044,0.0,0.0,0.0,0.0,0.0,0.0,0.0,0.0,0.0
2.8979999999999024,0.0,0.0,0.0,0.0,0.0,0.0,0.0,0.0,0.0
2.9159999999999004,0.0,0.0,0.0,0.0,0.0,0.0,0.0,0.0,0.0
2.9339999999998985,0.0,0.0,0.0,0.0,0.0,0.0,0.0,0.0,0.0
2.9519999999998965,0.0,0.0,0.0,0.0,0.0,0.0,0.0,0.0,0.0
2.9699999999998945,0.0,0.0,0.0,0.0,0.0,0.0,0.0,0.0,0.0
2.9879999999998925,0.0,0.0,0.0,0.0,0.0,0.0,0.0,0.0,0.0
3.0059999999998905,-0.00011991527770494059,-0.0001199390066026762,-0.0006000103554482106,2.39722034469417,-1.8917132943389476,0.6794433703455769,2.397340259971875,-1.891593355332345,0.6800433807010251
3.0239999999998886,-0.00037239173309133733,-0.00034237256491653767,-0.0028003972612337114,2.3973276868199953,-1.8915759093160498,0.67904207634585,2.3977000785530866,-1.8912335367511333,0.6818424736070837
3.0419999999998866,-0.0005599683136083833,-0.0005204873372655072,-0.005077210093585749,2.397499307046697,-1.8913948272811798,0.6785612475495924,2.398059275360305,-1.8908743399439143,0.6836384576431781
3.0599999999998846,-0.0007704938460535438,-0.0007238879838686874,-0.007304166942604606,2.3976468910786894,-1.8912401183633454,0.6781248385227622,2.398417384924743,-1.8905162303794767,0.6854290054653668
3.0779999999998826,-0.0010022440100780905,-0.0009502092410920149,-0.00947436420000114,2.397771699176448,-1.8911098813587857,0.6777374325742799,2.398773943186526,-1.8901596721176936,0.687211796774281
3.0959999999998806,-0.0012500209329360246,-0.0011938967441882387,-0.011582302222258756,2.3978784671631153,-1.8909990239523569,0.6774022190996485,2.3991284880960513,-1.8898051272081686,0.6889845213219072
3.1139999999998786,-0.0015082778726780433,-0.001448894428160541,-0.013623557091433813,2.397972282340061,-1.8909019495196413,0.6771213248139119,2.399480560212739,-1.8894530550914808,0.6907448819053457
3.1319999999998767,-0.0017725912899506646,-0.0017105874859935088,-0.015594015629173952,2.3980571120104517,-1.8908144994898106,0.6768965817144899,2.3998297033004024,-1.889103912003817,0.6924905973436638
3.1499999999998747,-0.002039548283919501,-0.00197541945019708,-0.017490128143851313,2.3981359166345477,-1.8907335698359495,0.676729277290136,2.4001754649184672,-1.8887581503857525,0.6942194054339873
3.1679999999998727,-0.0023065823267027774,-0.0022407391704335478,-0.01930921945701125,2.398210814681567,-1.8906569574663838,0.6766198464259872,2.4005173970082696,-1.8884162182959503,0.6959290658829984
3.1859999999998707,-0.002571596864571646,-0.0025043825151285226,-0.02104883759598586,2.3982834596091065,-1.8905829413456698,0.6765685256140568,2.400855056473678,-1.8880785588305413,0.6976173632100426
3.2039999999998687,-0.0028329976982801597,-0.0027647200923797133,-0.02270720487049127,2.3983550080570057,-1.8905103296413133,0.6765749047475904,2.401188005755286,-1.8877456095489336,0.6992821096180817
3.2219999999998667,-0.003089316175787893,-0.0030202461695805205,-0.02428252079465476,2.398426497221636,-1.8904380480763763,0.6766386270341168,2.401515813397424,-1.8874178019067958,0.7009211478287716
3.2399999999998648,-0.0033394113803368874,-0.003269801925752658,-0.02577356964854205,2.3984986432269317,-1.8903653626227037,0.6767587842294525,2.4018380546072686,-1.887095560696951,0.7025323538779945
3.257999999999863,-0.0035821411799470404,-0.0035122207872835265,-0.027178996114471166,2.3985721706253664,-1.89029152428619,0.6769346437537469,2.4021543118053135,-1.8867793034989064,0.7041136398682181
3.275999999999861,-0.003816645518459172,-0.0037466326864386,-0.028498025661886195,2.3986475296480343,-1.8902160728241648,0.6771649310122327,2.4024641751664935,-1.8864694401377262,0.7056629566741189
3.293999999999859,-0.004041997321263757,-0.0039720922701314,-0.029729660071643682,2.3987252458299984,-1.890138464423089,0.6774486365263184,2.402767243151262,-1.8861663721529576,0.707178296597962
3.311999999999857,-0.004257543750426418,-0.004187940771837484,-0.030873508092079116,2.3988055792755025,-1.8900584330501282,0.6777841878792169,2.403063123025929,-1.8858704922782907,0.708657695971296
3.329999999999855,-0.004462516846013287,-0.004393395232792807,-0.03192887665186939,2.3988889145255747,-1.8899755791654242,0.6781703610477231,2.403351431371588,-1.8855821839326314,0.7100992376995925
3.347999999999853,-0.004656431536358863,-0.0045879668441821675,-0.03289572314560674,2.3989753630446176,-1.8898897875674256,0.6786053306009261,2.4036317945809764,-1.8853018207232435,0.7115010537465328
3.365999999999851,-0.004838645076504111,-0.004770999375862228,-0.033773623176788004,2.39906520426611,-1.889800765337468,0.6790877043779331,2.403903849342614,-1.8850297659616058,0.7128613275547211
3.383999999999849,-0.005008813136616386,-0.00494214739920773,-0.03456285450762564,2.399158429974991,-1.88970851959182,0.6796154418920626,2.4041672431116075,-1.8847663721926122,0.7141782963996882
3.401999999999847,-0.00516640098875909,-0.005100860948376251,-0.035263244915452296,2.399255233577738,-1.8896128416860989,0.6801870087586845,2.4044216345664973,-1.8845119807377226,0.7154502536741368
3.419999999999845,-0.0053111781783825585,-0.005246911711561886,-0.03587535305851164,2.39935551587318,-1.889513832964219,0.6808001980409533,2.4046666940515626,-1.884266921252657,0.7166755510994649
3.437999999999843,-0.00544270863552665,-0.005379847524048076,-0.03639925546600098,2.399459395368484,-1.8894113588242571,0.6814533453957032,2.4049021040040106,-1.884031511300209,0.7178526008617042
3.455999999999841,-0.005560858149910253,-0.005499536635259039,-0.036835762530198046,2.3995667012155804,-1.8893055925739881,0.6821441151389069,2.4051275593654906,-1.883806055938729,0.718979877669105
3.473999999999839,-0.005665277234948363,-0.00560561403662696,-0.03718518484578481,2.3996774907424614,-1.8891964613634367,0.6828707358829159,2.4053427679774098,-1.8835908473268097,0.7200559207287007
3.491999999999837,-0.005755916221086288,-0.00569803198642127,-0.03744856666206153,2.3997915347384415,-1.889084196331113,0.6836307689772299,2.405547450959528,-1.8833861643446916,0.7210793356392914
3.509999999999835,-0.005832502002595774,-0.005776502323042276,-0.037626436824661824,2.3999088410687524,-1.8889687745559138,0.68442235937373,2.405741343071348,-1.8831922722328716,0.7220487961983918
3.527999999999833,-0.0058950598353813,-0.005841051522297969,-0.03772005764210451,2.4000291332204493,-1.8888504737706868,0.6852429884787007,2.4059241930558306,-1.8830094222483889,0.7229630461208052
3.545999999999831,-0.005943384452430589,-0.005891459623358575,-0.03773016122214934,2.4001523795125577,-1.88872931096259,0.6860907394444429,2.4060957639649883,-1.8828378513392314,0.7238209006665922
3.563999999999829,-0.0059775679906528545,-0.005927819261446476,-0.03765821315501561,2.4002782654762824,-1.8886056010987307,0.6869630350213128,2.4062558334669353,-1.8826777818372842,0.7246212481763284
3.581999999999827,-0.0059974659759167714,-0.005949971426279621,-0.03750513467466954,2.4004067281580848,-1.8884793925964976,0.68785791683699,2.4064041941340015,-1.882529421170218,0.7253630515116596
3.599999999999825,-0.0060032306878463615,-0.0059580682231570314,-0.03727258067477468,2.400537423023681,-1.8883510298158495,0.6887727687245127,2.4065406537115273,-1.8823929615926924,0.7260453493992873
3.617999999999823,-0.005994772404898097,-0.005952005477555478,-0.036961647684582655,2.4006702629621004,-1.8882205854147764,0.6897056099920622,2.4066650353669985,-1.882268579937221,0.7266672576766449
3.635999999999821,-0.005972297844881513,-0.005931989235971047,-0.03657416638056643,2.400804880074318,-1.8880884266209914,0.690653804057082,2.4067771779191993,-1.8821564373850204,0.7272279704376484
3.653999999999819,-0.005937342332223761,-0.005899856811907966,-0.036112629292694765,2.4009395937148534,-1.8879565360690502,0.6916141317843434,2.406876936047077,-1.8820566792571423,0.7277267610770382
3.671999999999817,-0.0058886249327909646,-0.005853685150418508,-0.03557753169114242,2.4010755555452703,-1.8878231199765771,0.6925854515408145,2.4069641804780613,-1.8819694348261586,0.7281629832319569
3.689999999999815,-0.0058254085361242325,-0.005793171644794981,-0.03497024927668746,2.4012133896194547,-1.8876879887934357,0.6935658223428594,2.407038798155579,-1.8818948171486407,0.7285360716195468
3.7079999999998132,-0.005748582541764247,-0.0057189493485863,-0.03429302992121552,2.4013521098438004,-1.887551872267241,0.6945525128482599,2.4071006923855647,-1.8818329229186548,0.7288455427694754
3.7259999999998112,-0.0056581065458600754,-0.005631151094269704,-0.033547541627139466,2.401491676415899,-1.8874149834367304,0.6955434540233073,2.407149782961759,-1.8817838323424607,0.7290909956504468
3.7439999999998093,-0.005555286373504664,-0.005531223153836029,-0.03273679274918173,2.4016307198961413,-1.8872788321884097,0.6965353194406992,2.407186006269646,-1.8817476090345737,0.729272112189881
3.7619999999998073,-0.005439326332954408,-0.005417916228077191,-0.03186149029154195,2.401769989035934,-1.8871422161634086,0.6975271673945507,2.4072093153688883,-1.8817242999353314,0.7293886576860926
3.7799999999998053,-0.005310002143173342,-0.00529125741530545,-0.030923899400360888,2.4019096779109823,-1.8870051926653693,0.6985165817120695,2.4072196800541557,-1.8817139352500638,0.7294404811124304
3.7979999999998033,-0.005167775054149448,-0.005151684375432453,-0.02992598651313705,2.4020493118401176,-1.886868212785385,0.6995015287998502,2.407217086894267,-1.8817165284099526,0.7294275153129872
3.8159999999998013,-0.005012850007846126,-0.004999259604906436,-0.02886999178730676,2.4021886892417483,-1.8867313356595317,0.7004797853023175,2.4072015392495945,-1.8817320760546252,0.7293497770896242
3.8339999999997993,-0.0048457340561074425,-0.004834720911438328,-0.027758245689834427,2.402327323211602,-1.8865952789479485,0.7014491214903642,2.4071730572677095,-1.8817605580365102,0.7292073671801986
3.8519999999997974,-0.004666539909727874,-0.0046580333030508125,-0.026592983311568008,2.402465137947546,-1.8864599707499965,0.702407486816453,2.407131677857274,-1.8818019374469457,0.729000470128021
3.8699999999997954,-0.004475585997567588,-0.004469409088798004,-0.02537617151000382,2.4026018686426447,-1.8863255697528052,0.7033531825327096,2.4070774546402123,-1.8818561606640072,0.7287293540427134
3.8879999999997934,-0.00427341310697793,-0.004269426327261128,-0.024110582660380686,2.402737044775247,-1.886192583749256,0.7042837875923957,2.407010457882225,-1.8819231574219948,0.7283943702527764
3.9059999999997914,-0.004060745832593415,-0.004059180200486345,-0.02279894373437885,2.4028700285691396,-1.886062021102973,0.7051970091159379,2.406930774401733,-1.8820028409024867,0.7279959528503167
3.9239999999997894,-0.0038371757869386514,-0.003837432757381576,-0.021442728542769296,2.403001331670436,-1.8859325406042267,0.7060918895857553,2.406838507457375,-1.882095107846845,0.7275346181285246
3.9419999999997875,-0.003604315943956049,-0.00360677705506518,-0.020045552029985703,2.4031294606702396,-1.885806615745089,0.7069654118826446,2.4067337766141956,-1.8821998386900238,0.7270109639126303
3.9599999999997855,-0.0033615515742266844,-0.0033659703499695492,-0.018609379434438744,2.403255166014484,-1.8856828680654782,0.7078162893507671,2.4066167175887108,-1.8823168977155087,0.7264256687852059
3.9779999999997835,-0.0031093416068888047,-0.003116328906174859,-0.017137189865291003,2.4033781404661445,-1.8855624621373612,0.7086423013415265,2.4064874820730333,-1.8824461332311864,0.7257794912068175
3.9959999999997815,-0.0028499705193589797,-0.002855589321016927,-0.01562712676148381,2.403496267018944,-1.8854429670869337,0.7094461417716826,2.406346237538303,-1.8825873777659168,0.7250732685331664
4.01399999999978,-0.00257787541343113,-0.002594644143311564,-0.014098799266070827,2.4036152916042375,-1.8853350924298629,0.7102091166639226,2.4061931670176686,-1.8827404482865513,0.7243079159299934
4.031999999999778,-0.002312015256859201,-0.0023026477896386233,-0.01250334311659751,2.403716453612241,-1.8852077942247583,0.7109810820705544,2.4060284688691,-1.8829051464351196,0.723484425187152
4.049999999999776,-0.0020235645495647603,-0.0020906779724034763,-0.010997765508679702,2.4038287919687824,-1.885171936758276,0.7116060979247076,2.405852356518347,-1.8830812587858725,0.7226038634333873
4.067999999999774,-0.001827892247574514,-0.0017822594842016315,-0.009318356146738704,2.403837165934793,-1.8850508166060542,0.7123490156067487,2.4056650581823673,-1.8832685571218526,0.7216673717534874
4.085999999999772,-0.0015209663412356633,-0.001609873701541309,-0.00785082845619356,2.403945850232353,-1.8850766724321721,0.7128253352534023,2.405466816573589,-1.8834667987306308,0.7206761637095959
4.10399999999977,-0.0012695009949346137,-0.0012361207497961768,-0.006108522511851455,2.403988387590456,-1.8849118474686248,0.713523001256755,2.405257888585391,-1.8836757267188287,0.7196315237686065
4.121999999999768,-0.0009845403407506836,-0.001083953273941507,-0.004625570299764181,2.4040540046184535,-1.884979023618957,0.7139092353379086,2.405038544959204,-1.8838950703450155,0.7185348056376728
4.139999999999766,-0.0007042471979121778,-0.0006708842530611658,-0.0028302824840490404,2.404104822735756,-1.8847954296236125,0.7145571480259446,2.4048090699336684,-1.8841245453705513,0.7173874305099937
4.157999999999764,-0.00042569656730018224,-0.0005312958059080497,-0.001349164711608064,2.4041440643089986,-1.884895150233829,0.7148417205115376,2.404569760876299,-1.8843638544279209,0.7161908852231457
4.175999999999762,-0.0001274603807890351,-9.783119244199945e-05,0.00048432781155327564,2.404193467517351,-1.884710518598522,0.7154310481439031,2.40432092789814,-1.88461268740608,0.7149467203323498
4.19399999999976,0.00020257912109977738,0.00010763927093537795,0.002018238305091069,2.4042654725730035,-1.8847630825813808,0.71567478640626,2.4040628934519037,-1.8848707218523162,0.713656548101169
4.211999999999758,0.0004638408040560371,0.0004896812794774608,0.0038168388761203875,2.4042598327181737,-1.8846479421106246,0.7161388792883598,2.4037959919141176,-1.885137623390102,0.7123220404122395
4.229999999999756,0.0008283842186531665,0.0007198464567759189,0.005383155758900915,2.404348953370472,-1.8846931996956249,0.7163280823596467,2.403520569151819,-1.8854130461524008,0.7109449266007458
4.247999999999754,0.001075166493953894,0.0010970021546483633,0.007159829156873743,2.4043121485683123,-1.8845996310752127,0.7166868203703182,2.4032369820743584,-1.885696633229861,0.7095269912134444
4.265999999999752,0.0014363854677172938,0.0013200521413978539,0.008723728078337323,2.404381983638615,-1.884667964991924,0.7167937997744774,2.4029455981708976,-1.8859880171333219,0.7080700716961401
4.28399999999975,0.0017469300713970348,0.0017680121885268463,0.010552374100601059,2.4043937251055896,-1.8845188080815003,0.717128430113215,2.4026467950341925,-1.8862868202700271,0.706576056012614
4.301999999999748,0.0020521181224024687,0.00193467673414216,0.012041148646181443,2.4043930779936895,-1.8846579786987905,0.717088028844268,2.402340959871287,-1.8865926554329326,0.7050468801980866
4.319999999999746,0.002356896097808203,0.002375567244454313,0.013853940473048776,2.4043853850995554,-1.8845295590580182,0.7173384663234358,2.402028489001747,-1.8869051263024725,0.703484525850387
4.337999999999744,0.0027221790282729863,0.002607290405983731,0.015381165970355326,2.404431966372359,-1.8846165375541504,0.717272183532435,2.401709787344086,-1.887223827960134,0.7018910175620797
4.355999999999742,0.0030184472799179574,0.0030317176943028823,0.017138934664686967,2.4044037151709627,-1.8845166297188718,0.7174073549615629,2.401385267891045,-1.8875483474131747,0.700268420296876
4.37399999999974,0.0033296599601229104,0.0032111989582466194,0.01859768219221003,2.4043850111345386,-1.8846670651715574,0.7172165189059395,2.4010553511744157,-1.887878264129804,0.6986188367137295
4.391999999999738,0.0036281521617120838,0.003646640342298779,0.020344022565766617,2.4043486168817987,-1.884566510241834,0.7172884270078517,2.4007204647200866,-1.8882131505841329,0.696944404442085
4.409999999999736,0.003980471245284001,0.0038631886662185977,0.021798467289733003,2.4043615137393157,-1.8846893841439694,0.717045760601543,2.4003810424940317,-1.888552572810188,0.69524729331181
4.427999999999734,0.004282424023910103,0.0043050216393685226,0.023506534427132908,2.4043199483638595,-1.8845910693249017,0.717036236968531,2.4000375243399494,-1.8888960909642702,0.6935297025413981
4.445999999999732,0.00462003331015115,0.00451458058931653,0.02489291631863577,2.404310388719439,-1.8847286793056153,0.7166867742067262,2.399690355409288,-1.8892432598949318,0.6917938578880904
4.46399999999973,0.004900080283162023,0.004916768172646746,0.026515481360934623,2.404240065867553,-1.884676861547182,0.7165574901245402,2.399339985584391,-1.8895936297198288,0.6900420087636056
4.481999999999728,0.0052369337670636895,0.005135455635176811,0.027876162763367907,2.404223802662577,-1.88481129077353,0.7161525880825844,2.398986868895513,-1.8899467464087067,0.6882764253192165
4.499999999999726,0.0055047806108468045,0.005524065472339634,0.029432831552321348,2.404136243543307,-1.8847780868994197,0.7159322270562741,2.3986314629324603,-1.8903021523717594,0.6864993955039528
4.5179999999997245,0.005827108604589792,0.0057283041753415365,0.030723602104304804,2.404101336856207,-1.8849310828772607,0.7154368242040431,2.3982742282516174,-1.8906593870526023,0.6847132220997383
4.5359999999997225,0.00607852995240421,0.006100347235547865,0.03220347445869698,2.403994157731536,-1.8849176402895405,0.7151236941960056,2.3979156277791316,-1.8910179875250883,0.6829202197373087
4.5539999999997205,0.00639170659796795,0.006299995665419056,0.033420570233337776,2.4039478328089925,-1.8850774934277763,0.7145432821301112,2.3975561262110245,-1.8913774890931954,0.6811227118967734
4.5719999999997185,0.00664078945169333,0.0066656339983006685,0.03483016758507829,2.403836978862705,-1.8850717918949071,0.7141531954817895,2.397196189411012,-1.8917374258932078,0.6793230278967112
4.5899999999997165,0.00693259334750973,0.006840732029829155,0.03596416058190144,2.4037688771543193,-1.885256599467581,0.7134876604576004,2.3968362838068096,-1.89209733149741,0.6775234998756989
4.6079999999997145,0.007171975421630172,0.007204856563119089,0.03730144812273484,2.403648851207337,-1.8852518829553937,0.713027907892921,2.396476875785707,-1.8924567395185128,0.6757264597701862
4.625999999999713,0.007436862732507432,0.007341970143961429,0.03833113622649431,2.403555293822704,-1.885473214070062,0.7122653725191269,2.3961184310901964,-1.8928151842140235,0.6739342362926326
4.643999999999711,0.007662775503015418,0.007705731510201375,0.03958215438873569,2.4034241897174495,-1.8854664695795842,0.7117313063025575,2.395761414214434,-1.8931722010897856,0.6721491519138219
4.661999999999709,0.007931180920487613,0.007853194259042073,0.04054079425087176,2.4033374687228104,-1.8856741332428548,0.710914314104137,2.395406287802323,-1.893527327501897,0.6703735198532652
4.679999999999707,0.008119620864292187,0.008160653479691637,0.04167471805151235,2.4031731329122805,-1.88571944977654,0.7102843591331043,2.3950535120479883,-1.8938801032562316,0.6686096410815919
4.697999999999705,0.008377710925437043,0.008307937542543442,0.04253931636095798,2.4030812550248695,-1.8859221336622436,0.7093991176997725,2.3947035440994324,-1.894230071204787,0.6668598013388145
4.715999999999703,0.008547849520738282,0.008589166549530569,0.043554104693073414,2.4029046869868735,-1.8859876112885536,0.7086803728654018,2.3943568374661353,-1.8945767778380842,0.6651262681723283
4.733999999999701,0.008727320674718264,0.00867677518889809,0.0442947254030478,2.4027411621060857,-1.8862429986839542,0.7077060134015364,2.3940138414313674,-1.8949197738728523,0.6634112879984886
4.751999999999699,0.008844271330096909,0.008835063057579529,0.0450889993806497,2.4025192718000805,-1.8864235517766568,0.7068060825722182,2.3936750004699836,-1.8952586148342363,0.6617170831915685
4.769999999999697,0.008984265206389619,0.008949108556103758,0.04577670473013673,2.402325018878834,-1.8866437530756714,0.7058225539340105,2.3933407536724443,-1.8955928616317752,0.6600458492038738
4.787999999999695,0.009116826230133768,0.009088558090201149,0.0464436854115049,2.402128360405952,-1.8868335230382,0.7048434371322481,2.3930115341758182,-1.8959220811284012,0.6583997517207432
4.805999999999693,0.009257201284805117,0.009228535383905445,0.04705506090648348,2.4019449698872997,-1.8870173113178197,0.7038359847606074,2.3926877686024945,-1.8962458467017251,0.6567809238541239
4.823999999999691,0.009391051445678755,0.009367731008959934,0.04761488164871974,2.4017609279530197,-1.8871960077879186,0.7028063450270764,2.392369876507341,-1.8965637387968786,0.6551914633783567
4.841999999999689,0.009508594374734614,0.009488158284597814,0.048107625693151745,2.401566864208755,-1.8873871871856014,0.701741055704906,2.3920582698340205,-1.8968753454701992,0.6536334300117542
4.859999999999687,0.009610050915997093,0.00959285034425661,0.048535903547620274,2.401363403297166,-1.8875874125787946,0.7006447462951144,2.3917533523811687,-1.8971802629230512,0.6521088427474941
4.877999999999685,0.009695775621075597,0.009681256600512667,0.04889873526149502,2.4011512949002025,-1.8877968394245799,0.6995184124987819,2.391455519279127,-1.8974780960250925,0.6506196772372869
4.895999999999683,0.009765960534836804,0.009753905105847949,0.04919625377319281,2.400931117012748,-1.8880145537204607,0.6983641170043997,2.391165156477911,-1.8977684588263086,0.6491678632312069
4.913999999999681,0.009820821847601469,0.009810933781595255,0.04942834485242875,2.400703462094673,-1.8882400412755531,0.6971836269294364,2.3908826402470713,-1.8980509750571484,0.6477552820770076
4.931999999999679,0.009860486524423617,0.009852517170905406,0.04959491644585967,2.400468823212525,-1.8884727614452133,0.6959786807280167,2.3906083366881012,-1.8983252786161187,0.646383764282157
4.949999999999677,0.009885129610781362,0.009878839300803355,0.04969604040095055,2.4002277308708027,-1.8887121747433953,0.6947511275427076,2.3903426012600213,-1.8985910140441986,0.6450550871417571
4.967999999999675,0.009894852666378018,0.009890015441762268,0.04973168783614523,2.399980630985131,-1.8889578215437042,0.6935026602715627,2.390085778318753,-1.8988478369854664,0.6437709724354175
4.985999999999673,0.009889826214324327,0.00988623144048284,0.049702063906860605,2.399728026885208,-1.889209183192853,0.692235148102931,2.3898382006708836,-1.8990954146333359,0.6425330841960704
5.003999999999671,0.009870148642973309,0.009867593977899825,0.04960724855565646,2.3994703377853663,-1.8894658321839268,0.6909502751092732,2.389600189142393,-1.8993334261618267,0.6413430265536167
5.021999999999669,0.00983600388200312,0.009834301464192174,0.049447588440631796,2.3992080560449125,-1.8897272616771181,0.6896499300968302,2.3893720521629094,-1.8995615631413103,0.6402023416561984
5.039999999999667,0.009787499083626194,0.009786467278288802,0.049223284684519086,2.3989415844496538,-1.889993062659903,0.688335792356309,2.3891540853660276,-1.8997795299381919,0.63911250767179
5.057999999999665,0.009724841646114424,0.009724312551293579,0.04893483485557648,2.398671412852324,-1.8902627315467164,0.6870097717282764,2.3889465712062097,-1.89998704409801,0.6380749368726999
5.075999999999663,0.009648153949978866,0.00964796439183968,0.04858256616515255,2.3983979325427414,-1.8905358723196175,0.6856735399706159,2.3887497785927625,-1.9001838367114572,0.6370909738054633
5.093999999999661,0.00955767301452548,0.009557673385138576,0.048167133637241455,2.3981216355558947,-1.8908119793777118,0.6843290271857395,2.3885639625413693,-1.9003696527628504,0.6361618935484981
5.111999999999659,0.009453539891563612,0.009453583960072232,0.047688992078204095,2.3978429037351896,-1.8910906675005215,0.6829778921379854,2.388389363843626,-1.9005442514605937,0.6352889000597813
5.129999999999657,0.0093360252479604,0.009335980695098112,0.04714895834730726,2.397562234002968,-1.891371425854114,0.6816220829639956,2.3882262087550075,-1.9007074065492122,0.6344731246166884
5.147999999999655,0.009205290406145039,0.009205026939090422,0.04654761402117913,2.397279999107818,-1.8916538796634563,0.6802632383711953,2.388074708701673,-1.9008589066025467,0.6337156243500162
5.165999999999653,0.009061642402897974,0.009061044432135734,0.045885940607539255,2.3969967024093854,-1.8919375108655965,0.6789033214816284,2.3879350600064875,-1.9009985552977322,0.6330173808740891
5.183999999999651,0.008905263117149342,0.00890421562666166,0.04516464370672668,2.3967127067517637,-1.8922219560429434,0.6775439427214509,2.3878074436346144,-1.901126171669605,0.6323792990147242
5.201999999999649,0.008736497754187944,0.008734901630498948,0.04438487106173816,2.3964285227131987,-1.8925066887147102,0.6761870766984425,2.387692024959011,-1.9012415903452091,0.6318022056367043
5.219999999999647,0.008555547936753616,0.00855330298788215,0.04354744779982722,2.3961445014828784,-1.8927913587702125,0.6748342963721032,2.3875889535461248,-1.9013446617580947,0.631286848572276
5.237999999999645,0.008362795467244055,0.008359818697693422,0.042653686994383655,2.3958611584293266,-1.8930754336444435,0.6734875826464481,2.3874983629620825,-1.901435252342137,0.6308338956520645
5.255999999999643,0.008158451493601504,0.008154656233415158,0.04170452238065847,2.395578822093203,-1.8933585884712032,0.6721484562203167,2.3874203705996013,-1.9015132447046184,0.6304439338396582
5.273999999999641,0.007942933563306553,0.007938252178807836,0.040701431558343715,2.3952980110891735,-1.893640285599545,0.67081890002933,2.387355077525867,-1.9015785377783527,0.6301174684709863
5.291999999999639,0.00771647296034228,0.007710832282605162,0.039645457062183365,2.395019041311907,-1.89392021467005,0.669500379661657,2.3873025683515645,-1.9016310469526552,0.6298549225994736
5.309999999999637,0.0074795320661928955,0.007472880638224488,0.03853824517252036,2.394742443187427,-1.8941978235447607,0.6681948816203438,2.3872629111212342,-1.9016707041829852,0.6296566364478234
5.327999999999635,0.007232358217228896,0.007224636197068701,0.03738093791355057,2.3944685154423255,-1.8944728218820541,0.6669038048806861,2.3872361572250966,-1.9016974580791228,0.6295228669671356
5.345999999999633,0.0069754527931786825,0.006966626445675805,0.0361753413244591,2.394197794125635,-1.8947446475260872,0.6656291288283936,2.3872223413324565,-1.901711273971763,0.6294537875039345
5.363999999999631,0.006709081082307833,0.006699102756247521,0.03492270186530022,2.3939305624290848,-1.8950130312011952,0.6643721894408362,2.387221481346777,-1.9017121339574428,0.629449487575536
5.381999999999629,0.006433770119835813,0.006422622823971436,0.03362495591561365,2.3936673485023148,-1.8952774140977695,0.6631349286696591,2.387233578382479,-1.901700036921741,0.6295099727540454
5.399999999999627,0.006149807054494527,0.006137457002183044,0.03228346743723698,2.393408423817992,-1.8955375415385396,0.661918632096374,2.3872586167634973,-1.9016749985407226,0.629635164659137
5.417999999999625,0.005857737757259063,0.005844182825651689,0.03090028451294824,2.3931543018008536,-1.8957928684349734,0.6607251855725722,2.3872965640435946,-1.901637051260625,0.629824901059624
5.435999999999623,0.0055578682495740495,0.005543088338200608,0.029476883516482144,2.3929052392979813,-1.8960431559176119,0.6595558196001693,2.387347371048407,-1.9015862442558125,0.6300789360836871
5.453999999999621,0.005250759847199138,0.005234766901637045,0.028015415659817133,2.392661731786367,-1.8962878764634148,0.6584123561973075,2.387410971939168,-1.9015226433650518,0.6303969405374904
5.471999999999619,0.004936734001795617,0.004919520744746331,0.026517461138864218,2.3924240182998195,-1.8965268102614496,0.6572959634706346,2.387487284298024,-1.901446331006196,0.6307785023317704
5.489999999999617,0.004616364161436071,0.004597955641748808,0.024985265671630952,2.392192573396275,-1.896759450427632,0.6562083926874767,2.387576209234839,-1.9013574060693808,0.6312231270158457
5.507999999999615,0.004289983840036982,0.004270384506996905,0.023420504090808536,2.391967615355378,-1.8969855992818818,0.6551507425091648,2.387677631515341,-1.9012559837888787,0.6317302384183563
5.525999999999613,0.00395817537964227,0.003937422200241292,0.02182550750336254,2.391749595090092,-1.8972047733935284,0.6541246868972634,2.38779141971045,-1.9011421955937697,0.6322991793939009
5.5439999999996115,0.0036212810616116364,0.003599388915666024,0.0202020356823287,2.3915387074282024,-1.897416800021963,0.653131248356934,2.3879174263665908,-1.901016188937629,0.6329292126746053
5.5619999999996095,0.0032798889703369305,0.0032569053566151585,0.01855249551222049,2.39133537716711,-1.897621221750831,0.6521720173377389,2.3880554881967733,-1.9008781271074462,0.6336195218255184
5.5799999999996075,0.0029343469520539678,0.00291029570976864,0.016878721523652995,2.391139773244243,-1.8978178933022618,0.6512479338262506,2.3882054262921892,-1.9007281890120304,0.6343692123025976
5.5979999999996055,0.0025852457925759076,0.0025601833891546466,0.015183186296042095,2.390952292146628,-1.8980063855610128,0.6503604989079548,2.3883670463540523,-1.9005665689501674,0.6351773126119127
5.6159999999996035,0.0022329358192032522,0.0022068934346302083,0.013467788478800369,2.3907730747645863,-1.8981865829242066,0.6495105640473666,2.388540138945383,-1.9003934763588368,0.6360427755685663
5.6339999999996015,0.0018780076167539406,0.0018510489761156546,0.011735055822856832,2.390602487379163,-1.8983580865656946,0.648699535476555,2.388724479762409,-1.9002091355418103,0.6369644796536982
5.6519999999996,0.001520811056570981,0.0014929729459001173,0.009986940037055358,2.3904406409818044,-1.8985208124330863,0.6479281705048731,2.3889198299252334,-1.9000137853789865,0.6379412304678177
5.669999999999598,0.001161933785971403,0.0011332853622212369,0.008226013115611774,2.3902878700733567,-1.898674393654613,0.6471977753941895,2.3891259362873853,-1.8998076790168343,0.6389717622785778
5.687999999999596,0.0008017224565866066,0.000772304295929338,0.006454268386739792,2.390144254220454,-1.8988187792444233,0.6465090080477265,2.3893425317638672,-1.8995910835403527,0.6400547396609867
5.705999999999594,0.00044075923236430725,0.00041064401977131126,0.004674310795807046,2.3900100949096204,-1.898953635607192,0.6458630700237398,2.389569335677256,-1.8993642796269634,0.6411887592279327
5.723999999999592,7.938497782911114e-05,4.861522039290023e-05,0.002888163514103148,2.3898854390992543,-1.8990789459624018,0.6452605149628796,2.389806054121425,-1.8991275611827947,0.6423723514487765
5.74199999999959,-0.00028182596092696244,-0.0003131759924857036,0.0010984528282148576,2.3897705543814745,-1.8991944109543042,0.6447024353818727,2.3900523803424014,-1.8988812349618185,0.6436039825536578
5.759999999999588,-0.0006425408587147352,-0.000674428588949505,-0.0006927803105744035,2.3896654542771643,-1.8993000487572902,0.6441892762104718,2.390307995135879,-1.8986256201683407,0.6448820565210462
5.777999999999586,-0.0010021952944190282,-0.0010345468059573815,-0.002482900150552525,2.389570371966443,-1.899395594849315,0.6437220169954091,2.390572567260862,-1.8983610480433577,0.6462049171459616
5.795999999999584,-0.0013604668053877056,-0.0013932412791652915,-0.004269860255433522,2.389485287063519,-1.8994811027144785,0.6433009899307508,2.3908457538689065,-1.8980878614353132,0.6475708501861843
5.813999999999582,-0.0017168027644092199,-0.001749928529831024,-0.006051027493152117,2.389410398183995,-1.8995563428856463,0.6429270580905209,2.391127200948404,-1.8978064143558153,0.648978085583673
5.83199999999958,-0.0020708928569366236,-0.002104332596886138,-0.007824362408697105,2.3893456509263955,-1.8996214041177737,0.6426004373496146,2.391416543783332,-1.8975170715208876,0.6504247997583117
5.849999999999578,-0.0024221978749978668,-0.002455883971073769,-0.009587246719624076,2.389291209550875,-1.8996760918494207,0.6423218712513911,2.391713407425873,-1.8972202078783469,0.6519091179710151
5.867999999999576,-0.0027704212969070774,-0.0028043215599056204,-0.011337660523258686,2.3892469858853884,-1.89972052968183,0.6420914562298691,2.3920174071822955,-1.8969162081219244,0.6534291167531278
5.885999999999574,-0.003115038715774343,-0.0031490912558376216,-0.013073012692539687,2.3892131103956893,-1.8997545574485937,0.6419098137064303,2.3923281491114636,-1.896605466192756,0.65498282639897
5.903999999999572,-0.003455768808985127,-0.0034899480326964216,-0.014791315480741418,2.3891894617263447,-1.8997783328015863,0.6417769180375594,2.39264523053533,-1.8962883847688898,0.6565682335183008
5.92199999999957,-0.003792103114583778,-0.0038263543692445,-0.016490017222698494,2.389176137446164,-1.8997917291127164,0.6416932664226921,2.392968240560748,-1.895965374743472,0.6581832836453906
5.939999999999568,-0.004123776684287428,-0.004158082246598971,-0.018167174886231208,2.3891729839276463,-1.899794936938885,0.6416587090150887,2.3932967606119337,-1.895636854692286,0.6598258839013199
5.957999999999566,-0.004450297917693025,-0.004484611677765926,-0.019820288495266958,2.3891800670551886,-1.8997878620091042,0.6416736172107917,2.3936303649728816,-1.8953032503313383,0.6614939057060587
5.975999999999564,-0.004771419197820759,-0.004805732351796488,-0.021447472163552028,2.3891972021412107,-1.899770726316985,0.6417377153732556,2.3939686213390314,-1.8949649939651885,0.6631851875368077
5.993999999999562,-0.005086666491958436,-0.005120942543738627,-0.023046289670995757,2.389224424885517,-1.8997434664704826,0.6418512480580335,2.3943110913774754,-1.894622523926744,0.6648975377290293
6.01199999999956,-0.0053958102691553655,-0.005430050132027464,-0.024614924492937673,2.389261521025822,-1.8997063341412699,0.6420138128236006,2.3946573312949773,-1.8942762840092424,0.6666287373165383
6.029999999999558,-0.005698394576145294,-0.0057325721824113,-0.026151015970930502,2.3893084978369186,-1.899659295073567,0.6422255269360407,2.395006892413064,-1.8939267228911556,0.6683765429069712
6.047999999999556,-0.00599420854670063,-0.006028335052448597,-0.027652828862393064,2.389365113202751,-1.8996026286072167,0.6424858607265163,2.3953593217494515,-1.8935742935547681,0.6701386895889093
6.065999999999554,-0.006282814654304136,-0.006316874953049556,-0.02911808954935413,2.389431347950743,-1.8995363276522224,0.6427948043175322,2.395714162605047,-1.8932194526991728,0.6719128938668864
6.083999999999552,-0.006564021119212171,-0.006598036847943911,-0.030545155596290785,2.3895069340365533,-1.899460696996398,0.6431517010241881,2.3960709551557655,-1.8928626601484542,0.6736968566204788
6.10199999999955,-0.006837409046603238,-0.0068713763031567066,-0.03193185146550803,2.3895918280017954,-1.8993757545589776,0.6435564146181374,2.3964292370483986,-1.8925043782558209,0.6754882660836454
6.119999999999548,-0.0071028060404638715,-0.00713675688615556,-0.03327663857521501,2.389685737959296,-1.8992818281906154,0.6440081622652357,2.39678854399976,-1.8921450713044599,0.6772848008404507
6.137999999999546,-0.007359811932864169,-0.007393753615168919,-0.03457744999482837,2.389788598465465,-1.8991789585210597,0.6445066828384682,2.397148410398329,-1.8917852049058907,0.6790841328332966
6.155999999999544,-0.00760827391092489,-0.007642248564377674,-0.035832861473049316,2.3899000959966963,-1.899067493960976,0.6450510689067089,2.397508369907621,-1.8914252453965983,0.6808839303797583
6.173999999999542,-0.00784781054998085,-0.007881836221943495,-0.03704092460976338,2.390020145520513,-1.8989474954556698,0.6456409365843553,2.3978679560704936,-1.8910656592337263,0.6826818611941187
6.19199999999954,-0.00807828875563299,-0.008112417013657724,-0.03820033931262168,2.3901484141579736,-1.8988193294042708,0.6462752560970626,2.3982267029136066,-1.890706912390613,0.6844755954096843
6.209999999999538,-0.008299345814692938,-0.008333604869892541,-0.039309284951663526,2.39028479973657,-1.8986830746228491,0.6469535236463029,2.398584145551263,-1.8903494697529566,0.6862628085979664
6.227999999999536,-0.008510868452698883,-0.00854531839084438,-0.04036659469113857,2.390428952335134,-1.8985391129072313,0.6476745900896763,2.3989398207878327,-1.889993794516387,0.6880411847808149
6.245999999999534,-0.008712512620499435,-0.008747190910046942,-0.04137058415474493,2.3905807550974907,-1.8983875384962765,0.6484378352768567,2.39929326771799,-1.8896403475862296,0.6898084194316016
6.263999999999532,-0.008904184961727069,-0.008939159037699929,-0.04232022805914193,2.3907398433622555,-1.898228746017937,0.6492419944024229,2.3996440283239826,-1.889289586980237,0.6915622224615648
6.28199999999953,-0.009085560058094355,-0.009120875492656388,-0.04321398594133008,2.390906088011064,-1.8980628427277177,0.6500863352461134,2.3999916480691583,-1.8889419672350614,0.6933003211874434
6.299999999999528,-0.009256564595038874,-0.009292294776168664,-0.044050981500717956,2.3910791118919423,-1.8978902335934074,0.6509694817758385,2.400335676486981,-1.8885979388172387,0.6950204632765564
6.317999999999526,-0.009416891793839088,-0.009453089025942774,-0.04482982496468502,2.391258775970933,-1.8977110365653906,0.6518905947008257,2.400675667764772,-1.8882579475394479,0.6967204196655107
6.335999999999524,-0.00956648855735276,-0.0096032305900422,-0.04554979552652494,2.3914446927640682,-1.897525664572841,0.6528481919222303,2.401011181321421,-1.887922433982799,0.6983979874487553
6.353999999999522,-0.009705066821199981,-0.00974241113674057,-0.0462096599491264,2.3916367155571177,-1.8973342440626428,0.6538413327841125,2.4013417823783176,-1.8875918329259023,0.7000509927332389
6.37199999999952,-0.0098325937417032,-0.009870620676160735,-0.04680885836798032,2.3918344487810606,-1.8971371934576164,0.6548684350874905,2.4016670425227638,-1.8872665727814557,0.7016772934554708
6.389999999999518,-0.009948797716527569,-0.009987567974939049,-0.047346317763754975,2.3920377425466093,-1.896934643016022,0.65592846439358,2.401986540263137,-1.886947075041083,0.703274782157335
6.407999999999516,-0.01005366374061012,-0.010093257964340241,-0.04782164235059472,2.392246197834472,-1.8967270116934778,0.6570197463664668,2.402299861575082,-1.8866337537291376,0.7048413887170615
6.425999999999514,-0.010146939818449496,-0.010187420029804883,-0.048233924512786075,2.392459660619583,-1.896514434895992,0.6581411585190283,2.4026066004380326,-1.886327014866187,0.7063750830318144
6.443999999999512,-0.010228634356530097,-0.010270079860865033,-0.04858293863026297,2.3926777250048237,-1.896297335803731,0.6592909390181576,2.4029063593613538,-1.886027255942866,0.7078738776484206
6.46199999999951,-0.01029851656608205,-0.010340989091145003,-0.04886794594208732,2.392900233333354,-1.8960758544959289,0.6604678843967436,2.403198749899436,-1.8857348654047839,0.709335830338831
6.479999999999508,-0.010356617840562077,-0.01040019361977973,-0.04908889312977416,2.393126775314503,-1.8958504157689344,0.6616701534872026,2.403483393155065,-1.8854502221491547,0.7107590466169768
6.497999999999506,-0.010402728387177262,-0.01044746709719968,-0.04924521176574781,2.393357191883244,-1.8956211621309982,0.6628964704280097,2.403759920270421,-1.8851736950337985,0.7121416821937575
6.515999999999504,-0.010436902754929811,-0.01048287576752549,-0.04933702216748215,2.393591070150136,-1.895388518166679,0.6641449231995,2.404027972905066,-1.8849056423991535,0.7134819453669822
6.533999999999502,-0.010458952463509252,-0.010506215625001092,-0.04936392687347635,2.393828251236793,-1.8951526272289183,0.6654141724696876,2.4042872037003025,-1.8846464116039172,0.7147780993431639
6.5519999999995004,-0.010468955750349451,-0.010517573819710524,-0.04932622027541944,2.3940683209789526,-1.8949139123946281,0.6667022442127427,2.404537276729302,-1.8843963385749176,0.7160284644881622
6.5699999999994985,-0.01046674604089004,-0.010516769302303386,-0.04922367557096152,2.3943111218915303,-1.894672516674103,0.6680077449327907,2.4047778679324203,-1.8841557473717996,0.7172314205037522
6.5879999999994965,-0.010452425985702618,-0.010503910937130545,-0.04905676071059861,2.394556239551428,-1.8944288607042192,0.6693286478167074,2.4050086655371308,-1.8839249497670887,0.718385408527306
6.6059999999994945,-0.01042585166956611,-0.010478841402571604,-0.048825418274052845,2.3948035187924757,-1.8941830862447497,0.6706635148778068,2.4052293704620418,-1.8837042448421781,0.7194889331518597
6.6239999999994925,-0.010387150991141514,-0.010441692245180878,-0.048530288310859704,2.3950525457133183,-1.8939356108449406,0.6720102760530913,2.40543969670446,-1.8834939185997597,0.720540564363951
6.6419999999994905,-0.010336203544803801,-0.010392330729532162,-0.04817148054171161,2.3953031681662096,-1.8936865743227387,0.6733674588550059,2.4056393717110134,-1.8832942435932065,0.7215389393967175
6.6599999999994886,-0.010273163365856597,-0.010330912158154293,-0.04774980471916135,2.3955549733649835,-1.893436390731534,0.67473295977669,2.40582813673084,-1.8831054785733796,0.7224827644958514
6.677999999999487,-0.010197934460497216,-0.01025732927598133,-0.04726553452239646,2.395807812690397,-1.8931851974293066,0.6761052820737272,2.4060057471508944,-1.8829278681533252,0.7233708165961237
6.695999999999485,-0.010110697904150534,-0.010171762277970453,-0.04671964612302715,2.39606127490878,-1.8929334047692592,0.6774822987832787,2.4061719728129307,-1.8827616424912887,0.7242019449063059
6.713999999999483,-0.010011383028825982,-0.010074130272985649,-0.046112573065558715,2.3963152152829306,-1.8926811472654488,0.6788624993348757,2.4063265983117565,-1.8826070169924631,0.7249750724004345
6.731999999999481,-0.009900198824658535,-0.009964639507985984,-0.04544545379544496,2.396569224449708,-1.8924288315378388,0.6802437434180404,2.4064694232743666,-1.8824641920298528,0.7256891972134853
6.749999999999479,-0.009777100837379926,-0.009843236283847201,-0.044718876758688464,2.39682316178222,-1.892176588968467,0.6816245171809627,2.4066002626196,-1.8823333526846198,0.7263433939396512
6.767999999999477,-0.009642326781625687,-0.009710154041734587,-0.04393413772869925,2.3970766200163514,-1.891924822547977,0.6830026771028384,2.406718946797977,-1.8822146685062424,0.7269368148315376
6.785999999999475,-0.009495859238276338,-0.009565367001576952,-0.043091974257068455,2.3973294627731385,-1.891673660294382,0.6843767166416564,2.406825322011415,-1.882108293292805,0.7274686908987249
6.803999999999473,-0.00933796534942477,-0.00940913688400058,-0.04219383373787633,2.3975812850630995,-1.891423501775696,0.6857444991663961,2.4069192504125243,-1.8820143648916954,0.7279383329042725
6.821999999999471,-0.009170583104726404,-0.009243770562439746,-0.04124203476380628,2.397830027178518,-1.891176775583415,0.6871030974940668,2.4070006102832444,-1.8819330050209753,0.7283451322578731
6.839999999999469,-0.008992174163916733,-0.009066987446529229,-0.04023648293489335,2.398077122028653,-1.890931306558179,0.6884520788696078,2.40706929619257,-1.8818643191116498,0.7286885618045011
6.857999999999467,-0.008801817282445779,-0.008878334565767698,-0.039178067123361804,2.39832340185073,-1.8906867307368114,0.6897901093841693,2.407125219133176,-1.8818083961710437,0.7289681765075311
6.875999999999465,-0.008600616328853672,-0.00867866575704812,-0.03806873079358042,2.3985676903079045,-1.8904439744245094,0.6911148832318628,2.407168306636758,-1.8817653086674613,0.7291836140254432
6.893999999999463,-0.008388487198664585,-0.008468068873643375,-0.036909691533789424,2.3988100156692784,-1.8902031813099198,0.692424903647578,2.407198502867943,-1.8817351124362764,0.7293345951813675
6.911999999999461,-0.008167204199724054,-0.008248553490191712,-0.03570388273535974,2.3990485644969173,-1.8899664000977703,0.6937170415894974,2.4072157686966413,-1.8817178466075786,0.7294209243248572
6.929999999999459,-0.007935178183834157,-0.00801791665412055,-0.034450994861190076,2.399284903564921,-1.8897314502095854,0.6949914947242354,2.407220081748755,-1.881713533555465,0.7294424895854255
6.947999999999457,-0.007692946818058655,-0.007776981032067809,-0.0331533680518995,2.3995184896171136,-1.8894991599011153,0.6962458949656132,2.407211436435172,-1.8817221788690475,0.7293992630175127
6.965999999999455,-0.007440228972271257,-0.007525525848503634,-0.03181217384060986,2.3997496149867388,-1.8892692971937135,0.6974791267960911,2.40718984395901,-1.8817437713452099,0.729291300636701
6.983999999999453,-0.007177835636705154,-0.007264181467621533,-0.03042957588328654,2.3999774966643894,-1.8890424644707464,0.6986891664638386,2.4071553323010946,-1.8817782830031249,0.7291187423471251
7.001999999999451,-0.006905987287652682,-0.006993347179354403,-0.029007255740620796,2.4002019588960524,-1.888819016299869,0.6998745560195561,2.407107946183705,-1.8818256691205146,0.7288818117601769
7.019999999999449,-0.006624858146906831,-0.006713088066576001,-0.027547138260004322,2.40042288886571,-1.8885989563581789,0.7010336776447312,2.407047747012617,-1.8818858682916029,0.7285808159047356
7.037999999999447,-0.006334993834416824,-0.006424023585796412,-0.02605108197629591,2.4006398189631133,-1.888382826092486,0.7021650628530062,2.40697481279753,-1.8819588025066896,0.7282161448293021
7.055999999999445,-0.006036540967079951,-0.0061262843189682226,-0.024521141887578923,2.4008526970839,-1.8881706615722083,0.7032671292089709,2.40688923805098,-1.88204437725324,0.7277882710965499
7.073999999999443,-0.00572981956410068,-0.005820003206771895,-0.022958866906131248,2.401061314101759,-1.8879624848451317,0.7043388822648194,2.40679113366586,-1.8821424816383598,0.7272977491709507
7.091999999999441,-0.005415428566733382,-0.005505891606352176,-0.021366804959913277,2.4012651982049893,-1.887758880138849,0.7053784097403524,2.4066806267717227,-1.8822529885324968,0.7267452147002657
7.109999999999439,-0.005094087867536956,-0.0051849912239188,-0.01974729147862142,2.4014637727025,-1.8875607459581019,0.7063840922132135,2.406557860570037,-1.882375754734183,0.7261313836918349
7.127999999999437,-0.004765437790511751,-0.0048561566929423705,-0.018101537418708125,2.4016575563581046,-1.887366777848546,0.7073555141660244,2.4064229941486164,-1.8825106211556035,0.7254570515847325
7.145999999999435,-0.004431561231085901,-0.004522647731169949,-0.016433347921716468,2.4018446410443817,-1.8871800607599223,0.708289744297272,2.4062762022754676,-1.8826574130287523,0.7247230922189885
7.163999999999433,-0.00409088875182384,-0.004181571613506074,-0.014742942118209035,2.4020267864204885,-1.8869975117454132,0.7091875145850051,2.4061176751723123,-1.8828159401319071,0.7239304567032141
7.181999999999431,-0.003744832531908493,-0.0038353483403463784,-0.013033669472963583,2.402202785736181,-1.8868213453764764,0.7100465027091358,2.4059476182680894,-1.88298599703613,0.7230801721820994
7.199999999999429,-0.0033945731143933955,-0.0034847203168699714,-0.011307979125975698,2.4023716788183513,-1.8866520836883447,0.7108653613794003,2.4057662519327447,-1.8831673633714747,0.722173340505376
7.217999999999427,-0.003039369495582367,-0.003129084504845947,-0.00956731545796874,2.4025344416960825,-1.886488888617401,0.7116438213420064,2.405573811191665,-1.883359804112555,0.7212111367999752
7.235999999999425,-0.00267991894727837,-0.002769097663165576,-0.007814313283044827,2.4026906264738366,-1.88633216754627,0.7123804946641822,2.405370545421115,-1.8835630698831045,0.720194807947227
7.253999999999423,-0.002316989058181118,-0.0024054551801044877,-0.006051008948611436,2.402839728966904,-1.886182352459239,0.713074662018466,2.405156718025085,-1.8837768972791344,0.7191256709670775
7.271999999999421,-0.0019515333202382301,-0.0020388071936949803,-0.004279834702106355,2.402981072773714,-1.886039816403962,0.7137252766093078,2.4049326060939524,-1.884001009210267,0.7180051113114142
7.289999999999419,-0.001582769407601603,-0.0016708390970605613,-0.0025052281917194996,2.4031157306378113,-1.8859059543558674,0.7143293528769958,2.404698500045413,-1.8842351152588068,0.7168345810687153
7.307999999999417,-0.0012149859256154194,-0.0012965430417901658,-0.0007202230039822233,2.4032397173225233,-1.885775455097871,0.7148953740783635,2.4044547032481387,-1.8844789120560808,0.7156155970823457
7.325999999999415,-0.000837405485597742,-0.0009350777416590184,0.0010421311405668376,2.40336412614306,-1.885667161417221,0.7153918701255071,2.4042015316286576,-1.8847320836755619,0.7143497389849403
7.343999999999413,-0.0004809086095103332,-0.0005241409011040865,0.0028775452396566648,2.4034584046524436,-1.8855184429433698,0.7159161923910778,2.403939313261954,-1.8849943020422657,0.7130386471514212
7.361999999999411,-0.00012729815657008814,-0.00028406735047514786,0.004502408944158209,2.4035410897897598,-1.8855492947083647,0.7161864295174599,2.40366838794633,-1.8852652273578896,0.7116840205733017
7.379999999999409,0.00019981797034418491,0.00017927133346762325,0.006366520159237443,2.40358892473342,-1.8853652372076761,0.7166541348162685,2.403389106763076,-1.8855445085411437,0.710287614657031
7.397999999999407,0.0005649561787626212,0.00042158625065580324,0.007939956474960042,2.403666787800279,-1.8854101974320476,0.716791195424193,2.4031018316215165,-1.8858317836827034,0.708851238949233
7.415999999999405,0.0008521569628716641,0.0008306167499132489,0.00975134743036199,2.403659091752899,-1.8852960637642793,0.7171281022221486,2.402806934790027,-1.8861266805141925,0.7073767547917866
7.433999999999403,0.0012376781947769366,0.0010775923427441825,0.01132284941056605,2.4037424766084046,-1.885351224547848,0.7171889223203547,2.4025047984136276,-1.8864288168905923,0.7058660729097886
7.451999999999401,0.0015651615150851228,0.001545467981659776,0.013159753851989864,2.4037609755338587,-1.885192333303786,0.7174809047875098,2.4021958140187736,-1.8867378012854459,0.70432115093552
7.469999999999399,0.001953704069612705,0.001799224269648514,0.014704739946817424,2.4038340860756082,-1.8852540090285757,0.7174487308184464,2.4018803820059955,-1.8870532332982242,0.702743990871629
7.487999999999397,0.002269539429482492,0.002243991620225483,0.016478334160453745,2.4038284505605154,-1.8851307125529613,0.7176149706572699,2.401558911131033,-1.8873747041731868,0.7011366364968161
7.505999999999395,0.0026398400635683217,0.0024982467555867416,0.017998425227460868,2.4038716580387147,-1.8852035505734868,0.7174995959448435,2.4012318179751464,-1.8877017973290735,0.6995011707173826
7.523999999999393,0.002956632636112566,0.002942725606688512,0.019736603664736285,2.4038561590413976,-1.8850913632922464,0.717576316532812,2.400899526405285,-1.8880340888989349,0.6978397128680757
7.541999999999391,0.0032911080084043753,0.0031379244463871636,0.021183085815238978,2.4038535750332195,-1.8852332238330174,0.717337501780966,2.400562467024815,-1.8883711482794046,0.696154415965727
7.559999999999389,0.003637399996819113,0.003625784040715674,0.02291605868787283,2.4038584766123376,-1.8850867546479853,0.7173635226071177,2.4002210766155185,-1.888712538688701,0.6944474639192448
7.5779999999993874,0.003962653040030073,0.003812913067998247,0.024311236515630275,2.403838450611614,-1.8852449046646371,0.717032305215203,2.399875797571584,-1.8890578177326354,0.6927210686995727
7.5959999999993855,0.004274363922669444,0.004262932784464546,0.025977861340008235,2.4038014412489965,-1.8851436051934283,0.7169553288132943,2.399527077326327,-1.8894065379778928,0.690977467473286
