time,ep_x,ep_y,ep_z,p_cx,p_cy,p_cz,p_dx,p_dy,p_dz
3.0059999999998905,-0.00012000345650892141,-0.00012001854921295241,-0.000599979671616957,0.3951974103916106,0.7061152242343519,1.3283016958372784,0.3953174138481195,0.7062352427835649,1.3289016755088954
3.0239999999998886,-0.00043988062599542577,-0.00041981519666633993,-0.002771788703154643,0.39523735180333586,0.7061752461681102,1.3279289797117995,0.3956772324293313,0.7065950613647766,1.330700768414954
3.0419999999998866,-0.0007053297528396008,-0.0006783464660233829,-0.005088763302723676,0.39533109948371054,0.7062759117059721,1.3274079891483248,0.39603642923655014,0.7069542581719955,1.3324967524510485
3.0599999999998846,-0.0009705081944547111,-0.000939989648687467,-0.007353866556755184,0.3954240306065332,0.7063723780877458,1.326933433716482,0.3963945388009879,0.7073123677364332,1.3342873002732372
3.0779999999998826,-0.0012396347982139844,-0.0012060673581719694,-0.009552681418526054,0.39551146226455675,0.7064628586400441,1.3265174101636255,0.39675109706277073,0.7076689259982161,1.3360700915821515
3.0959999999998806,-0.001511396074236615,-0.001475045746417436,-0.011681491042674796,0.39559424589805936,0.7065484251613239,1.3261613250871027,0.397105641972296,0.7080234709077413,1.3378428161297775
3.1139999999998786,-0.001784197946529953,-0.0017453049994886616,-0.013737546488338914,0.3956735161424537,0.7066302380249403,1.3258656302248772,0.39745771408898367,0.708375543024429,1.3396031767132162
3.1319999999998767,-0.002056530057607475,-0.0020153232012753985,-0.01571838910516976,0.39575032711903985,0.7067093629108172,1.3256305030463644,0.3978068571766473,0.7087246861120926,1.3413488921515342
3.1499999999998747,-0.0023269867303552516,-0.0022836848104715868,-0.017621793689460263,0.3958256320643567,0.7067867629196858,1.3254559065523974,0.398152618794712,0.7090704477301574,1.3430777002418577
3.1679999999998727,-0.0025942642631034407,-0.0025490770731821932,-0.019445755075217175,0.3959002866214108,0.7068633027467773,1.3253416056156517,0.39849455088451424,0.7094123798199595,1.344787360690869
3.1859999999998707,-0.0028571565984679137,-0.002810285601153928,-0.021188478349702944,0.39597505375145514,0.7069397536842145,1.3252871796682102,0.39883221034992306,0.7097500392853684,1.3464756580179131
3.2039999999998687,-0.003114550904048774,-0.003066189909620265,-0.02284836990641681,0.3960506087274821,0.7070167986573559,1.3252920345195351,0.3991651596315309,0.7100829885669762,1.348140404425952
3.2219999999998667,-0.0033654231913998744,-0.003315758990834694,-0.02442402909879604,0.39612754408226897,0.7070950372182795,1.3253554135378458,0.39949296727366884,0.7104107962091142,1.3497794426366418
3.2399999999998648,-0.0036088340007218167,-0.00355804694823747,-0.025914240435206626,0.3962063744827916,0.7071749904707213,1.3254764082506583,0.39981520848351343,0.7107330374189588,1.351390648685865
3.257999999999863,-0.003843924169966262,-0.003792188710744271,-0.02731796626995453,0.3962875415115919,0.7072571059062592,1.325653968406134,0.40013146568155816,0.7110492946170035,1.3529719346760885
3.275999999999861,-0.004069910704507296,-0.004017395844352345,-0.028634339948073295,0.39637141833823103,0.7073417621338313,1.325886911533916,0.4004413290427383,0.7113591579781836,1.3545212514819893
3.293999999999859,-0.004286082761465915,-0.004232952476187268,-0.029862659363936395,0.396458314266041,0.707429273486765,1.326173932041896,0.4007443970275069,0.7116622259629523,1.3560365914058323
3.311999999999857,-0.004491797760788341,-0.004438211344095722,-0.03100238089603602,0.39654847914138536,0.7075198944935234,1.3265136098831303,0.4010402769021737,0.7119581058376191,1.3575159907791663
3.329999999999855,-0.0046864776332940505,-0.004632589982954793,-0.03205311368257302,0.396642107614539,0.7076138242003236,1.32690441882489,0.40132858524783305,0.7122464141832784,1.358957532507463
3.347999999999853,-0.004869605214081862,-0.00481556705698527,-0.033014614204782466,0.39673934324313925,0.7077112103356812,1.3273447343496207,0.4016089484572211,0.7125267773926665,1.3603593485544032
3.365999999999851,-0.005040720787977293,-0.0049866788455723565,-0.033886781147201006,0.39684028243088143,0.7078121533087317,1.3278328412153904,0.4018810032188587,0.7127988321543041,1.3617196223625914
3.383999999999849,-0.005199418792084798,-0.00514551588840817,-0.03466965050630244,0.39694497819576735,0.7079167100348893,1.3283669407012562,0.40214439698785215,0.7130622259232975,1.3630365912075586
3.401999999999847,-0.0053453446789774595,-0.005291719794156768,-0.035363390921125504,0.39705344376376445,0.7080248975840304,1.3289451575608817,0.4023987884427419,0.7133166173781872,1.3643085484820072
3.419999999999845,-0.00547819194266963,-0.005424980215368191,-0.03596829920162592,0.39716565598513787,0.7081366966478847,1.3295655467057095,0.4026438479278075,0.7135616768632529,1.3655338459073354
3.437999999999843,-0.005597699308190096,-0.005545031990961347,-0.036484796032532074,0.39728155857206526,0.7082520548247394,1.3302260996370425,0.40287925788025536,0.7137970868157008,1.3667108956695746
3.455999999999841,-0.0057036480843769555,-0.005651652456309053,-0.036913421832454496,0.39740106515735857,0.7083708897208718,1.3309247506445208,0.4031047132417355,0.7140225421771809,1.3678381724769753
3.473999999999839,-0.005795859678417725,-0.005744658919777712,-0.037254832749869626,0.39752406217523695,0.7084930918693223,1.3316593827867016,0.4033199218536547,0.7142377507891,1.3689142155365712
3.491999999999837,-0.005874193269650496,-0.005823906303493831,-0.037509796779378934,0.3976504115661223,0.7086185274677244,1.3324278336677828,0.4035246048357728,0.7144424337712182,1.3699376304471618
3.509999999999835,-0.005938543639240734,-0.00588928494512031,-0.03767918998334352,0.39777995330835214,0.708747040937918,1.3332279010229187,0.4037184969475929,0.7146363258830383,1.3709070910062622
3.527999999999833,-0.00598883915154097,-0.005940718556552649,-0.03776399280554332,0.3979125077805346,0.7088784573109682,1.3340573481231324,0.4039013469320756,0.7148191758675209,1.3718213409286757
3.545999999999831,-0.006025039882224137,-0.005978162334658199,-0.03776528646503041,0.3980478779590088,0.7090125844420201,1.3349139090094322,0.40407291784123295,0.7149907467766783,1.3726791954744626
3.563999999999829,-0.0060471358876480474,-0.006001601218481811,-0.03768424941968651,0.39818585145553215,0.7091492150601437,1.3357952935645123,0.4042329873431802,0.7151508162786255,1.3734795429841988
3.581999999999827,-0.006055145609369594,-0.006011048286746923,-0.037522153890290344,0.39832620240087685,0.7092881286589449,1.3366991924292397,0.40438134801024644,0.7152991769456918,1.37422134631953
3.599999999999825,-0.006049114407261413,-0.006006543288964106,-0.037280362437050574,0.3984686931805106,0.7094290932342532,1.337623281770107,0.404517807587772,0.7154356365232173,1.3749036442071576
3.617999999999823,-0.006029113214300663,-0.00598815130302266,-0.03696032458166387,0.39861307602894286,0.7095718668756662,1.3385652279028515,0.4046421892432435,0.7155600181786889,1.3755255524845154
3.635999999999821,-0.005995237305789658,-0.00595596151179012,-0.036563573468880506,0.3987590944896546,0.7097161992190995,1.3395226917766383,0.40475433179544423,0.7156721607308896,1.3760862652455188
3.653999999999819,-0.0059476051755177894,-0.005910086090969768,-0.03609172256250259,0.3989064847478044,0.7098618327677977,1.3404933333224058,0.40485408992332217,0.7157719188587675,1.3765850558849084
3.671999999999817,-0.005886357511215745,-0.005850659200253072,-0.035546462371479626,0.39905497684309016,0.7100085040894982,1.3414748156683478,0.4049413343543059,0.7158591632897513,1.3770212780398274
3.689999999999815,-0.0058116562615240785,-0.005777836069674969,-0.034929557202502126,0.3992042957702998,0.7101559448975943,1.342464809224915,0.4050159520318239,0.7159337809672692,1.377394366427417
3.7079999999998132,-0.0057236837866580514,-0.005691792172999199,-0.03424284193611804,0.39935416247515154,0.7103038830242557,1.3434609956412278,0.4050778462618096,0.7159956751972549,1.3777038375773458
3.7259999999998112,-0.005622642084941565,-0.005592722479951129,-0.03348821882393538,0.3995042947530623,0.7104520432934981,1.3444610716343817,0.4051269368380039,0.7160447657734492,1.377949290458317
3.7439999999998093,-0.005508752087445112,-0.005480840779154117,-0.032667654304978866,0.3996544080584456,0.710600148302182,1.3454627526927725,0.4051631601458907,0.7160809890813361,1.3781304069977514
3.7619999999998073,-0.00538225301305828,-0.005356379063721994,-0.03178317583966561,0.3998042162320748,0.7107479191168564,1.3464637766542975,0.4051864692451331,0.7161042981805784,1.3782469524939631
3.7799999999998053,-0.005243401776472423,-0.005219586971600965,-0.030836868760240943,0.3999534321539282,0.7108950758942449,1.34746190716006,0.4051968339304006,0.7161146628658459,1.378298775920301
3.7979999999998033,-0.005092472441733997,-0.0050707312729381115,-0.029830873136810654,0.400101768328778,0.7110413384330192,1.3484549369840468,0.40519424077051197,0.7161120697059573,1.3782858101208575
3.8159999999998013,-0.004929755714249362,-0.004910095396981395,-0.028767380658373254,0.40024893741159,0.7111864266643033,1.3494406912391212,0.4051786931258394,0.7160965220612847,1.3782080718974945
3.8339999999997993,-0.004755558464380083,-0.004737978991278258,-0.027648631528460976,0.4003946526795742,0.7113300610881214,1.350417030459608,0.4051502111439543,0.7160680400793996,1.378065661988069
3.8519999999997974,-0.004570203276040907,-0.004554697506228611,-0.026476911375182377,0.40053862845747784,0.7114719631627354,1.3513818535607092,0.40510883173351875,0.716026660668964,1.3778587649358915
3.8699999999997954,-0.004374028014036191,-0.004360581798375396,-0.02525454817560835,0.400680580502421,0.7116118556535271,1.3523331006749755,0.4050546085164572,0.7159724374519025,1.3775876488505838
3.8879999999997934,-0.00416738540418754,-0.004155977746160167,-0.0239839091945393,0.40082022635428227,0.711749462947755,1.3532687558661074,0.4049876117584698,0.7159054406939152,1.3772526650606467
3.9059999999997914,-0.003950642620665912,-0.003941245872238208,-0.022667397937814915,0.4009572856573119,0.711884511341185,1.3541868497203722,0.40490792827797784,0.7158257572134232,1.376854247658187
3.9239999999997894,-0.003724180875306904,-0.003716760966833599,-0.021307451120367915,0.40109148045831255,0.7120167293022311,1.355085461816027,0.40481566133361946,0.7157334902690647,1.376392912936395
3.9419999999997875,-0.0034883950040621725,-0.0034829117070149795,-0.01990653564930356,0.40122253548637843,0.7121458477188709,1.355962723071197,0.4047109304904406,0.7156287594258859,1.3758692587205006
3.9599999999997855,-0.0032436930461396396,-0.003240100267181023,-0.0184671456223231,0.4013501784188161,0.71227160013322,1.3568168179707532,0.40459387146495573,0.715511700400401,1.3752839635930763
3.9779999999997835,-0.002990495811770022,-0.0029887419164686957,-0.01699179934184114,0.401474140137508,0.7123937229682547,1.3576459866728467,0.404464635949278,0.7153824648847233,1.374637786014688
3.9959999999997815,-0.0027292364349529308,-0.0027292645992100795,-0.015483036345185663,0.4015941549795949,0.7125119557507831,1.358448526995851,0.4043233914145478,0.7152412203499932,1.3739315633410367
4.01399999999978,-0.00246035990792437,-0.002462108495004278,-0.013943414451290659,0.4017099609859888,0.7126260413343543,1.359222796286573,0.4041703208939132,0.7150881498293585,1.3731662107378637
4.031999999999778,-0.0021843225945059608,-0.002187725555385267,-0.012375506824319427,0.40182130015083894,0.712735726125405,1.3599672131707028,0.4040056227453449,0.7149234516807903,1.3723427199950222
4.049999999999776,-0.00190159171988169,-0.0019065790144930927,-0.010781899054684407,0.4019279186747103,0.7128407603155442,1.3606802591865732,0.403829510394592,0.7147473393300373,1.3714621582412576
4.067999999999774,-0.0016126448347603684,-0.0016191428715777167,-0.009165186257959146,0.40202956722385164,0.7129408981224796,1.3613604803033985,0.403642212058612,0.7145600409940573,1.3705256665613577
4.085999999999772,-0.0013179692522559128,-0.0013259013435712452,-0.00752797019221374,0.4021260011975778,0.7130358980417077,1.3620064883252525,0.4034439704498337,0.714361799385279,1.3695344585174662
4.10399999999977,-0.0010180614562099732,-0.0010273482863716321,-0.0058728563943473144,0.40221698100542586,0.7131255231107095,1.3626169621821296,0.40323504246163583,0.7141528713970812,1.368489818576477
4.121999999999768,-0.0007134264800502388,-0.000723986583873848,-0.004202451336033697,0.40230227235539884,0.7132095411870206,1.3631906491095094,0.4030156988354491,0.7139335277708945,1.367393100445543
4.139999999999766,-0.00040457725563408653,-0.0004163275041538794,-0.002519359599958859,0.40238164655427916,0.7132877252412048,1.3637263657179053,0.40278622380991325,0.7137040527453586,1.3662457253178641
4.157999999999764,-9.20339318796759e-05,-0.00010489002260183344,-0.000826181077077548,0.402454880820664,0.7133598536653871,1.3642229989539385,0.40254691475254367,0.713464743687989,1.365049180031016
4.175999999999762,0.00022367683668073068,0.0002097998878727303,0.0008744918142937763,0.40252175861106526,0.7134257105977025,1.3646795069545141,0.40229808177438453,0.7132159107098298,1.3638050151402203
4.19399999999976,0.0005420226309714726,0.0005272099990848433,0.002580076886682381,0.40258206995911977,0.7134850862626785,1.3650949197957216,0.4020400473281483,0.7129578762635936,1.3625148429090392
4.211999999999758,0.0008624660373133808,0.0008468026014786245,0.004288004917982757,0.40263561182767577,0.7135377773272864,1.3654683401380925,0.4017731457903624,0.7126909747258078,1.3611803352201097
4.229999999999756,0.0011844654451838577,0.0011680353085897766,0.005995722361255007,0.40268218847324755,0.7135835872720988,1.3657989437698712,0.4014977230280637,0.712415551963509,1.3598032214086162
4.247999999999754,0.001507475871487196,0.0014903618906885185,0.007700694028642374,0.4027216118220906,0.7136223267767373,1.3660859800499572,0.4012141359506034,0.7121319648860488,1.3583852860213148
4.265999999999752,0.0018309498097639487,0.0018132331359556053,0.009400405748156038,0.4027537018569065,0.7136538141185435,1.3663287722521666,0.40092275204714256,0.7118405809825878,1.3569283665040106
4.28399999999975,0.002154338102541453,0.00213609773728618,0.011092366991981795,0.4027782870129788,0.7136778755831689,1.3665267178124663,0.40062394891043734,0.7115417778458827,1.3554343508204845
4.301999999999748,0.0024770908348062948,0.0024584032026091496,0.012774113474830706,0.40279520458233814,0.7136943458855863,1.3666792884807877,0.40031811374753185,0.7112359426829772,1.353905175005957
4.319999999999746,0.0027986582463822574,0.0027795967863741833,0.0144432097207845,0.4028043011243742,0.7137030685998115,1.3667860303790418,0.40000564287799195,0.7109234718134373,1.3523428206582573
4.337999999999744,0.0031184916608263946,0.0030991264396958984,0.016097251596945084,0.4028054328811569,0.7137038965954717,1.3668465639668952,0.3996869412203305,0.7106047701557758,1.35074931236995
4.355999999999742,0.0034360444282868774,0.003416441776458057,0.017733868812111142,0.40279846619557663,0.7136966924791931,1.3668605839168575,0.39936242176728975,0.710280250702735,1.3491267151047464
4.37399999999974,0.003750772879633657,0.0037309950525387103,0.019350727378594224,0.40278327793029406,0.7136813290386445,1.366827858900194,0.3990325050506604,0.7099503339861057,1.3474771315215999
4.391999999999738,0.004062137289048695,0.004042242155191222,0.020945532035189673,0.40275975588538027,0.7136576896869681,1.366748231285145,0.39869761859633157,0.7096154475317769,1.3458026992499554
4.409999999999736,0.004369602842166087,0.004349643599504183,0.022516028629225415,0.4027277992124426,0.713625668905226,1.3666216167489058,0.39835819637027653,0.7092760253057219,1.3441055881196804
4.427999999999734,0.00467264060676259,0.004652665528779298,0.02406000645551698,0.4026873188229567,0.7135851726804188,1.3664480038047855,0.39801467821619413,0.7089325071516395,1.3423879973492685
4.445999999999732,0.0049707285029437775,0.004950780715589964,0.02557530054999435,0.4026382377884764,0.7135361189365679,1.3662274532459553,0.3976675092855326,0.7085853382209779,1.340652152695961
4.46399999999973,0.005263352269720689,0.005243469560247349,0.027059793935681586,0.4025804917303563,0.7134784379563284,1.3659600975071575,0.3973171394606356,0.708234968396081,1.338900303571476
4.481999999999728,0.005550006424849874,0.005530221083362763,0.028511419818664896,0.4025140291966077,0.713412072790566,1.3656461399457518,0.39696402277175785,0.7078818517072032,1.337134720127087
4.499999999999726,0.0058301952147994385,0.005810533909182958,0.02992816373162488,0.4024388120235045,0.7133369796533334,1.365285854043448,0.3966086168087051,0.7075264457441505,1.3353576903118232
4.5179999999997245,0.00610343355171189,0.006083917236394121,0.03130806562249666,0.4023548156795741,0.7132531282997017,1.3648795825301054,0.3962513821278622,0.7071692110633075,1.3335715169076088
4.5359999999997225,0.006369247934268407,0.006349891793104634,0.032649221885769464,0.4022620295896447,0.7131605023839263,1.3644277364309485,0.3958927816553763,0.7068106105908216,1.331778514545179
4.5539999999997205,0.0066271773493924435,0.006607990772769745,0.03394978733396248,0.4021604574366617,0.7130590997954843,1.3639307940386063,0.39553328008726923,0.7064511090227146,1.3299810067046438
4.5719999999997185,0.006876774151801268,0.0068577607478766955,0.03520797710680035,0.40205011743905805,0.7129489329705788,1.363389299811382,0.3951733432872568,0.7060911722227021,1.3281813227045816
4.5899999999997165,0.007117604918482401,0.0070987625582923375,0.036422068515637784,0.4019310426015367,0.712830029176792,1.362803863199207,0.3948134376830543,0.7057312666184996,1.3263817946835692
4.6079999999997145,0.0073492512752620365,0.007330572171257432,0.03759040282072634,0.4018032809372138,0.7127024307686546,1.3621751573987828,0.39445402966195175,0.7053718585973971,1.3245847545780565
4.625999999999713,0.007571310692743027,0.007552781510135831,0.038711386938951264,0.40166689565918406,0.7125661954120223,1.3615039180394541,0.39409558496644104,0.7050134139018864,1.3227925311005029
4.643999999999711,0.007783397249000512,0.007764999249132543,0.03978349507975065,0.40152196533967943,0.7124213962752568,1.360790941801443,0.3937385680906789,0.7046563970261243,1.3210074467216923
4.661999999999709,0.007985142356557673,0.00796685157133925,0.040805270306987884,0.4013685840351252,0.7122681221853522,1.3600370849681234,0.39338344167856754,0.7043012706140129,1.3192318146611355
4.679999999999707,0.008176195451301493,0.008157982887611936,0.04177532602464762,0.4012068613755344,0.7121064777472902,1.35924326191411,0.3930306659242329,0.7039484948596783,1.3174679358894623
4.697999999999705,0.008356224641155818,0.00833805651393893,0.04269234738433325,0.4010369226168332,0.7119365834250617,1.358410443531018,0.3926806979756774,0.7035985269111228,1.3157180961466848
4.715999999999703,0.008524917312484614,0.008506755305133562,0.043555092612642676,0.4008589086548648,0.7117585755829591,1.3575396555928414,0.3923339913423802,0.7032518202778255,1.3139845629801987
4.733999999999701,0.008681980692370417,0.008663782242853468,0.04436239425663979,0.40067297599998264,0.711572606485911,1.3566319770629987,0.3919909953076122,0.7029088242430576,1.3122695828063589
4.751999999999699,0.008827142365091467,0.008808860976145638,0.045113160345757075,0.4004792967113197,0.7113788442578192,1.355688538345196,0.39165215434622824,0.7025699832816735,1.310575377999439
4.769999999999697,0.008960150741300132,0.008941736312895077,0.04580637546861466,0.4002780582899894,0.7111774727970297,1.3547105194803588,0.3913179075486893,0.7022357364841346,1.3089041440117442
4.787999999999695,0.009080775478596537,0.009062174660767974,0.046441101763383674,0.4000694635306597,0.7109686916482765,1.3536991482919973,0.39098868805206316,0.7019065169875085,1.3072580465286137
4.805999999999693,0.009188807852384906,0.009169964416423926,0.04701647982047197,0.3998537303311242,0.7107527158306086,1.3526556984824663,0.3906649224787393,0.7015827514141847,1.3056392186619943
4.823999999999691,0.009284061076087813,0.009264916301998993,0.047531729496465225,0.3996310914596737,0.7105297756210303,1.3515814876826924,0.39034703038358587,0.7012648593190313,1.3040497581862271
4.841999999999689,0.009366370570002669,0.009346863648045711,0.0479861506384176,0.39940179428026806,0.7103001162937564,1.3504778754580422,0.3900354237102654,0.7009532526457107,1.3024917248196246
4.859999999999687,0.009435594178265505,0.009415662622345167,0.048379123717736006,0.39916610043567885,0.7100639978152039,1.3493462612731006,0.38973050625741334,0.7006483351928587,1.3009671375553646
4.877999999999685,0.009491612333602129,0.009471192404201245,0.048710110373062276,0.398924285488974,0.7098216944950185,1.3481880824182195,0.3894326731553719,0.7003505020908173,1.2994779720451572
4.895999999999683,0.00953432816972849,0.009513355304038407,0.04897865386170852,0.3986766385238844,0.7095734945936396,1.3470048119007858,0.3891423103541559,0.7000601392896012,1.2980261580390773
4.913999999999681,0.009563667581457824,0.009542076828329527,0.04918437941935694,0.3984234617047739,0.7093196998870909,1.3457979563042348,0.38885979412331606,0.6997776230587613,1.2966135768848779
4.931999999999679,0.009579579232770252,0.009557305690083284,0.04932699452787248,0.3981650697971162,0.7090606251898746,1.3445690536178998,0.38858549056434594,0.6995033194997913,1.2952420590900273
4.949999999999677,0.009582034513269888,0.009559013765312319,0.04940628909122036,0.3979017896495358,0.7087965978370236,1.343319671040848,0.38831975513626593,0.6992375840717113,1.2939133819496276
4.967999999999675,0.009571027443651403,0.00954719599610021,0.04942213551961472,0.39763395963864945,0.7085279571265436,1.3420514027629025,0.38806293219499804,0.6989807611304434,1.2926292672432877
4.985999999999673,0.009546574530958918,0.009521870241071761,0.04937448872213701,0.39736192907808754,0.7082550537236457,1.3407658677260779,0.3878153545471286,0.698733183482574,1.2913913790039409
5.003999999999671,0.0095087145745969,0.009483077074248114,0.04926338600820279,0.3970860575932348,0.7079782490283313,1.33946470736969,0.3875773430186379,0.6984951719540832,1.2902013213614871
5.021999999999669,0.00945750842420251,0.009430879533435244,0.049088946898321995,0.39680671446335675,0.7076979145080348,1.3381495833623909,0.38734920603915424,0.6982670349745995,1.2890606364640689
5.039999999999667,0.009393038690657496,0.00936536281947764,0.04885137284474128,0.39652427793293005,0.7074144309971955,1.3368221753244016,0.38713123924227255,0.6980490681777178,1.2879708024796603
5.057999999999665,0.009315409411645159,0.009286633947836354,0.04855094686259687,0.39623913449409964,0.7071281879657362,1.335484178543167,0.3869237250824545,0.6978415540178998,1.2869332316805702
5.075999999999663,0.009224745673300616,0.009194821354123972,0.04818803307231789,0.3959516781423078,0.7068395827585765,1.3341373016856517,0.3867269324690072,0.6976447614044525,1.2859492686133338
5.093999999999661,0.009121193189639165,0.009090074455347708,0.047763076154060835,0.3956623096072533,0.7065490198084072,1.3327832645104294,0.38654111641761413,0.6974589453530595,1.2850201883563686
5.111999999999659,0.00900491784154267,0.008972563168752834,0.047276600715022266,0.39537143556141346,0.706256909824069,1.331423795582674,0.3863665177198708,0.6972843466553161,1.2841471948676517
5.129999999999657,0.008876105177215599,0.008842477390265335,0.04672921057051882,0.3950794678084678,0.7059636689569629,1.3300606299950777,0.3862033626312522,0.6971211915666976,1.2833314194245589
5.147999999999655,0.00873495987610634,0.008700026434653951,0.046121587939755626,0.39478682245402413,0.705669717948017,1.3286955070976423,0.3860518625779178,0.6969696915133631,1.2825739191578867
5.165999999999653,0.008581705178381582,0.00854543843961153,0.045454492557235104,0.3944939190611139,0.7053754812577893,1.3273301682391945,0.38591221388273234,0.6968300428181777,1.2818756756819594
5.183999999999651,0.00841658228212594,0.008378959736065283,0.04472876070077181,0.3942011797929853,0.70508138618237,1.3259663545233664,0.38578459751085936,0.6967024264463048,1.2812375938225946
5.201999999999649,0.008239849710498848,0.008200854187083717,0.0439453041370903,0.3939090285457542,0.7047878619577844,1.3246058045816649,0.38566917883525537,0.6965870077707007,1.2806605004445746
5.219999999999647,0.008051782651151584,0.008011402497826281,0.04310510898599307,0.3936178900735213,0.7044953388556413,1.3232502523661394,0.38556610742236974,0.696483936357815,1.2801451433801463
5.237999999999645,0.007852672270248384,0.007810901499032519,0.04220923450406988,0.3933281891085758,0.7042042472728053,1.3219014249640049,0.3854755168383274,0.6963933457737728,1.279692190459935
5.255999999999643,0.0076428250034833445,0.0075996634066015645,0.0412588117889352,0.39304034947932953,0.703915016817893,1.3205610404364638,0.3853975244758462,0.6963153534112915,1.2793022286475286
5.273999999999641,0.007422561826510521,0.00737801505984248,0.040255042404950814,0.3927547932286223,0.7036280753973996,1.3192308056838076,0.38533223140211176,0.6962500603375571,1.2789757632788568
5.291999999999639,0.00719221750723309,0.007146297141002789,0.03919919693139806,0.39247193973504235,0.7033438483042573,1.3179124143387422,0.38527972222780926,0.6961975511632545,1.2787132174073441
5.309999999999637,0.006952139842406835,0.006904863378709547,0.03809261343404424,0.39219220483988604,0.7030627573116341,1.316607544689738,0.3852400649974792,0.6961578939329246,1.2785149312556938
5.327999999999635,0.006702688881016994,0.006654079737951402,0.036936695861041535,0.39191599998235865,0.7027852197747384,1.3153178576360476,0.38521331110134166,0.696131140036787,1.278381161775006
5.345999999999633,0.006444236136887549,0.006394323599236973,0.035732912364093705,0.391643731345589,0.7025116477433837,1.3140449946758985,0.38519949520870145,0.6961173241441467,1.2783120823118048
5.363999999999631,0.006177163792966733,0.0061259829295498,0.03448279354581385,0.39137579901598846,0.7022424470880169,1.3127905759292202,0.3851986352230217,0.6961164641584671,1.2783077823834064
5.381999999999629,0.005901863899712589,0.00584945544770632,0.03318793063421688,0.3911125961584362,0.7019780166418753,1.3115561981961326,0.3852107322587236,0.696128561194169,1.2783682675619157
5.399999999999627,0.005618737569971055,0.005565147786679936,0.03184997358527264,0.390854508209713,0.7017187473618672,1.31034343305228,0.38523577063974196,0.6961535995751873,1.2784934594670074
5.417999999999625,0.005328194172708911,0.005273474655436261,0.030470629114492942,0.39060191209254824,0.7014650215107209,1.3091538249819874,0.38527371791983933,0.6961915468552846,1.2786831958674945
5.435999999999623,0.005030650527910463,0.004974858002755322,0.029051658658528767,0.39035517545256243,0.7012172118628526,1.3079888895500862,0.38532452492465197,0.6962423538600973,1.2789372308915574
5.453999999999621,0.004726530104902482,0.004669726185486445,0.027594876267799107,0.3901146559203151,0.7009756809363444,1.30685011161316,0.3853881258154126,0.696305954750858,1.2792552353453608
5.471999999999619,0.00441626222630942,0.004358513143594034,0.026102146431218998,0.38988070040057804,0.700740780253308,1.3057389435708597,0.3854644381742686,0.696382267109714,1.2796367971396407
5.489999999999617,0.004100281279773965,0.004041657584299196,0.024575381834152976,0.38965364439085765,0.7005128496308282,1.304656803657869,0.3855533631110837,0.696471192046529,1.280081421823716
5.507999999999615,0.003779025939506686,0.0037196021775367516,0.023016541050784767,0.3894338113310925,0.7002922165045679,1.3036050742770116,0.3856547853915858,0.6965726143270311,1.2805885332262268
5.525999999999613,0.0034529383996474983,0.0033927927648572664,0.021427626172192626,0.3892215119863422,0.7000791952869974,1.302585100373964,0.3857685735866947,0.6966864025221401,1.2811574742017713
5.5439999999996115,0.0031224636213327273,0.0030616775838177013,0.01981068037149436,0.3890170438641683,0.6998740867620986,1.3015981878539702,0.38589458024283557,0.6968124091782809,1.2817875074824758
5.5619999999996095,0.0027880485952778145,0.002726706509795118,0.018167785407559922,0.38882069066829605,0.6996771775182586,1.3006456020409487,0.38603264207301824,0.6969504710084635,1.2824778166333888
5.5799999999996075,0.0024501416215711447,0.002388330317057319,0.016501059068898538,0.3886327217900052,0.6994887394209367,1.2997285661793665,0.38618258016843404,0.6971004091038794,1.283227507110468
5.5979999999996055,0.0021091916082875417,0.0020469999608063727,0.014812652559464956,0.3884533918385846,0.6993090291265488,1.2988482599792481,0.3863442002302971,0.6972620291657424,1.2840356074197832
5.6159999999996035,0.0017656473904073544,0.0017031658817870943,0.013104747828293295,0.38828294021203513,0.6991382876388602,1.2980058182047298,0.3865172928216278,0.6974351217570731,1.2849010703764365
5.6339999999996015,0.0014199570704168663,0.0013572773349348477,0.011379554845004636,0.38812159070907104,0.6989767399090343,1.297202329306573,0.3867016336386542,0.6976194625740995,1.2858227744615685
5.6519999999996,0.0010725673818452464,0.0010097817433952772,0.00963930882344144,0.3879695511833233,0.6988245944803186,1.2964388340991295,0.3868969838014781,0.6978148127369234,1.286799525275688
5.669999999999598,0.0007239230768681382,0.0006611240791196682,0.00788626739583198,0.38782701324049823,0.698682043178195,1.29571632448228,0.3871030901636301,0.6980209190990754,1.287830057086448
5.687999999999596,0.00037446633898208237,0.00031174627109198383,0.006122707740110922,0.38769415197909396,0.6985492608466491,1.295035742208968,0.3873196856401119,0.6982375145755572,1.288913034468857
5.705999999999594,2.463622161291701e-05,-3.7913357902930045e-05,0.004350923663207329,0.387571125775114,0.6984264051310435,1.2943979776990104,0.3875464895535011,0.6984643184889464,1.290047054035803
5.723999999999592,-0.0003251318865997721,-0.00038742062520003007,0.0025732226433268224,0.3874580761110701,0.6983136163079151,1.2938038688999738,0.38778320799766985,0.6987010369331151,1.291230646256647
5.74199999999959,-0.0006744067692519562,-0.000736345992262577,0.0007919228344721585,0.38735512744939415,0.6982110171618289,1.2932542001960003,0.3880295342186461,0.6989473631540914,1.2924622773615282
5.759999999999588,-0.0010227618619025325,-0.0010842650383198205,-0.0009906499633443033,0.3872623871502212,0.6981187129092493,1.2927497013655722,0.38828514901212374,0.6992029779475691,1.2937403513289165
5.777999999999586,-0.001369775703763676,-0.0014307589033356605,-0.0027721653645123023,0.38717994543334316,0.6980367911692166,1.2922910465893196,0.38854972113710684,0.6994675500725522,1.295063211953832
5.795999999999584,-0.0017150323611843654,-0.0017754147001739495,-0.004550291484964664,0.387107875383967,0.6979653219804228,1.2918788535090902,0.3888229077451514,0.6997407366805968,1.2964291449940548
5.813999999999582,-0.0020581218229052123,-0.002117825895977865,-0.006322698051932418,0.3870462330017439,0.6979043578641166,1.291513682339611,0.3891043548246491,0.7000221837600945,1.2978363803915434
5.83199999999958,-0.0023986403671928946,-0.002457592662940211,-0.008087059531985075,0.386995057292384,0.697853933932082,1.291196035034197,0.3893936976595769,0.7003115265950222,1.2992830945661822
5.849999999999578,-0.0027361909011218155,-0.0027943221988038225,-0.009841058272822556,0.38695437040099573,0.6978140680387591,1.290926354506063,0.38969056130211754,0.7006083902375629,1.3007674127788855
5.867999999999576,-0.003070383272399946,-0.0031276290175842325,-0.011582387654091031,0.38692417778614013,0.6977847609764012,1.2907050239069071,0.3899945610585401,0.7009123899939854,1.3022874115609981
5.885999999999574,-0.0034008345542725915,-0.003457135211151874,-0.01330875524230013,0.3869044684334359,0.697765996712002,1.2905323659645402,0.3903053029877085,0.7012231319231539,1.3038411212068404
5.903999999999572,-0.003727169304184985,-0.0037824706824743926,-0.015017885944749398,0.3868952151073897,0.6977577426645456,1.2904086423814218,0.3906223844115747,0.70154021334702,1.3054265283261712
5.92199999999957,-0.004049019797000175,-0.004103273351453662,-0.01670752515721774,0.38689637463999244,0.6977599500209843,1.2903340532960432,0.3909453944369926,0.701863223372438,1.307041578453261
5.939999999999568,-0.004366026233707521,-0.004419189334429974,-0.018375441900012168,0.386907888254471,0.6977725540891939,1.2903087368091781,0.3912739144881785,0.7021917434236239,1.3086841787091903
5.957999999999566,-0.004677836926667622,-0.004729873098566206,-0.020019431936861842,0.38692968192245863,0.6977954746860054,1.2903327685770674,0.39160751884912626,0.7025253477845717,1.3103522005139292
5.975999999999564,-0.0049841084625656396,-0.005034987592447471,-0.021637320871032317,0.38696166675271043,0.6978286165582739,1.2904061614736457,0.39194577521527607,0.7028636041507214,1.312043482344678
5.993999999999562,-0.005284505844333709,-0.005334204354338623,-0.02322696721294637,0.3870037394093867,0.6978718698348271,1.2905288653239533,0.3922882452537204,0.7032060741891657,1.3137558325368996
6.01199999999956,-0.005578702613424025,-0.005627203599668618,-0.024786265413543118,0.38705578255779816,0.6979251105069989,1.2907007667108654,0.3926344851712222,0.7035523141066675,1.3154870321244085
6.029999999999558,-0.005866380953886308,-0.005913674289393045,-0.026313148857568303,0.38711766533542247,0.6979882009353611,1.2909216888572734,0.3929840462893088,0.7039018752247541,1.3172348377148417
6.047999999999556,-0.006147231779791373,-0.00619331418097846,-0.02780559281097128,0.38718924384590503,0.6980609903801632,1.2911913915858084,0.3933364756256964,0.7042543045611417,1.3189969843967797
6.065999999999554,-0.006420954807616064,-0.0064658298638348155,-0.02926161731659871,0.38727036167367573,0.6981433155529023,1.291509571358158,0.3936913164812918,0.7046091454167371,1.3207711886747566
6.083999999999552,-0.006687258615254932,-0.006730936781071839,-0.030679290032411988,0.3873608504167554,0.6982350011863838,1.2918758613959374,0.3940481090320103,0.7049659379674557,1.3225551514283493
6.10199999999955,-0.006945860689383687,-0.006988359239524344,-0.03205672900651724,0.3874605302352599,0.6983358606205646,1.2922898318849985,0.3944063909246436,0.705324219860089,1.3243465608915157
6.119999999999548,-0.0071964874629232845,-0.007237830410007917,-0.03339210538338522,0.3875692104130814,0.698445696401442,1.292750990264936,0.3947656978760047,0.70568352681145,1.3261430956483211
6.137999999999546,-0.007438874344389501,-0.007479092319814695,-0.0346836460357558,0.38768668993018435,0.6985643008902045,1.293258781605411,0.39512556427457385,0.7060433932100192,1.3279424276411669
6.155999999999544,-0.007672765740912801,-0.007711895839442984,-0.03592963611685551,0.38781275804295334,0.6986914568798686,1.293812589070773,0.39548552378386614,0.7064033527193115,1.3297422251876285
6.173999999999542,-0.007897915076716389,-0.007936000665568321,-0.037128421527720334,0.3879471948700219,0.6988269382166152,1.2944117344742687,0.39584510994673827,0.7067629388821836,1.331540156001989
6.19199999999954,-0.008114084808826305,-0.008151175302237523,-0.038278411294610626,0.38808977198102507,0.6989705104230592,1.295055478922944,0.39620385678985137,0.7071216857252968,1.3333338902175547
6.209999999999538,-0.008321046441750302,-0.008357197042226039,-0.03937807985170605,0.38824025298575754,0.6991219313207271,1.2957430235541307,0.39656129942750784,0.7074791283629531,1.3351211034058368
6.227999999999536,-0.008518580542830168,-0.00855385195045999,-0.040425969224496816,0.3883983941212473,0.6992809516490629,1.2964735103641885,0.3969169746640775,0.7078348035995229,1.3368994795886853
6.245999999999534,-0.008706476759903548,-0.008740934851330984,-0.04142069110954805,0.3885639448343313,0.6994473156783492,1.2972460231299239,0.39727042159423487,0.7081882505296802,1.338666714239472
6.263999999999532,-0.008884533842855535,-0.008918249321659522,-0.04236092884657516,0.388736648357372,0.6996207618140133,1.29805958842286,0.3976211822002275,0.7085390111356729,1.3404205172694352
6.28199999999953,-0.009052559670541527,-0.009085607690960784,-0.043245439279048226,0.3889162422748617,0.6998010231898878,1.2989131767162656,0.39796880194540324,0.7088866308808486,1.3421586159953138
6.299999999999528,-0.00921037128448765,-0.009242831050570777,-0.04407305449985133,0.38910245907873814,0.6999878282481004,1.2998057035845754,0.3983128303632258,0.7092306592986711,1.3438787580844267
6.317999999999526,-0.00935779493064609,-0.009389749273060355,-0.0448426834788358,0.3892950267103706,0.7001809013034016,1.3007360309945453,0.3986528216410167,0.709570650576462,1.345578714473381
6.335999999999524,-0.009494666110382466,-0.009526201043239535,-0.045553313569408616,0.3894936690872831,0.7003799630898714,1.301702968687217,0.3989883351976656,0.7099061641331109,1.3472562822566256
6.353999999999522,-0.009620829641735329,-0.00965203390190783,-0.04620401189166112,0.389698106612827,0.7005847312880998,1.3027052756494482,0.39931893625456233,0.7102367651900077,1.3489092875411093
6.37199999999952,-0.009736139731847948,-0.009767104303354035,-0.04679392658984782,0.3899080566671607,0.7007949210311,1.3037416616734934,0.39964419639900867,0.710562025334454,1.3505355882633412
6.389999999999518,-0.009840460061329326,-0.009871277687439783,-0.04732228796238891,0.3901232340780522,0.7010102453873871,1.3048107890028164,0.39996369413938154,0.7108815230748269,1.3521330769652053
6.407999999999516,-0.009933663881144972,-0.009964428566940797,-0.04778840946290397,0.39034335157018185,0.7012304158198314,1.305911274062028,0.4002770154513268,0.7111948443867722,1.353699683524932
6.425999999999514,-0.010015634122474859,-0.01004644063062865,-0.0481916885711311,0.39056812019180254,0.7014551426190941,1.3070416892685537,0.4005837543142774,0.7115015832497228,1.3552333778396848
6.443999999999512,-0.010086263519807626,-0.010117206862397032,-0.04853160753292962,0.390797249717791,0.701684135310647,1.3082005649233612,0.40088351323759863,0.711801342173044,1.3567321724562909
6.46199999999951,-0.010145454747377547,-0.010176629676554083,-0.0488077339688997,0.3910304490283032,0.701917103034572,1.3093863911778016,0.40117590377568074,0.7120937327111261,1.3581941251467013
6.479999999999508,-0.010193120568862624,-0.010224621069196416,-0.0490197213514878,0.3912674264624473,0.7021537548975588,1.3105976200733593,0.4014605470313099,0.7123783759667552,1.3596173414248471
6.497999999999506,-0.010229184000100755,-0.010261102785404597,-0.049167309350772515,0.3915078901465653,0.7023938002967067,1.3118326676508554,0.40173707414666604,0.7126549030821113,1.360999977001628
6.515999999999504,-0.010253578484395731,-0.010286006501791678,-0.04925032404943952,0.3917515482969152,0.7026369492149647,1.313089916125413,0.40200512678131095,0.7129229557167563,1.3623402401748526
6.533999999999502,-0.0102662480798148,-0.01029927402375963,-0.049268678027762025,0.3919981094967325,0.702882912488233,1.3143677161232723,0.4022643575765473,0.7131821865119926,1.3636363941510343
6.5519999999995004,-0.010267147657710252,-0.010300857496622129,-0.04922237031969856,0.3922472829478367,0.7031314020443702,1.315664388976334,0.4025144306055469,0.7134322595409923,1.3648867592960325
6.5699999999994985,-0.010256243111523455,-0.01029071962957151,-0.0491114862414892,0.3924987786971415,0.7033821311145388,1.3169782290701333,0.40275502180866496,0.7136728507441104,1.3660897153116225
6.5879999999994965,-0.010233511574775367,-0.010268833931291521,-0.04893619709441421,0.3927523078386004,0.7036348144175295,1.3183075062407623,0.40298581941337575,0.713903648348821,1.3672437033351765
6.6059999999994945,-0.010198941646989257,-0.010235184955854293,-0.048696759743611207,0.3930075826912972,0.7038891683178775,1.3196504682161188,0.40320652433828646,0.7141243532737318,1.36834722795973
6.6239999999994925,-0.010152533626141769,-0.010189768557364864,-0.04839351607509235,0.39326431695456293,0.7041449109587852,1.321005343096729,0.4034168505807047,0.71433467951615,1.3693988591718214
6.6419999999994905,-0.010094299746109758,-0.010132592151687048,-0.04802689233331048,0.39352222584114827,0.7044017623710164,1.3223703418712773,0.403616525587258,0.7145343545227034,1.3703972342045878
6.6599999999994886,-0.010024264417439033,-0.010063674983429638,-0.0475973983418283,0.3937810261896458,0.7046594445591005,1.3237436609618936,0.4038052906070848,0.7147231195425301,1.3713410593037219
6.677999999999487,-0.009942464469658685,-0.009983048396253413,-0.047105626609813545,0.39404043655748056,0.7049176815663312,1.3251234847941804,0.40398290102713924,0.7149007299625846,1.372229111403994
6.695999999999485,-0.00984894939325709,-0.009890756104445786,-0.04655225132726604,0.3943001772959186,0.7051761995201753,1.3265079883869102,0.4041491266891757,0.7150669556246211,1.3730602397141762
6.713999999999483,-0.009743781579333088,-0.009786854463614603,-0.04593802725198759,0.3945599706086683,0.7054347266598322,1.3278953399563171,0.4043037521880014,0.7152215811234468,1.3738333672083047
6.731999999999481,-0.009627036554883894,-0.009671412738261331,-0.0452637884914846,0.3948195405957277,0.7056929933477956,1.329283703529871,0.4044465771506116,0.7153644060860569,1.3745474920213556
6.749999999999479,-0.009498803211601181,-0.009544513363935914,-0.04453044718303811,0.3950786132842436,0.7059507320673541,1.3306712415644835,0.4045774164958448,0.7154952454312901,1.3752016887475216
6.767999999999477,-0.009359184026018208,-0.00940625220161695,-0.043738992075317285,0.3953369166482038,0.7062076774080505,1.3320561175640906,0.404696100674222,0.7156139296096674,1.3757951096394079
6.785999999999475,-0.009208295268813171,-0.009256738781929452,-0.04289048701495535,0.3955941806188463,0.7064635660411754,1.3334364986916398,0.4048024758876595,0.7157203048231049,1.3763269857065952
6.803999999999473,-0.009046267201048175,-0.009096096536791998,-0.041986069341564125,0.3958501370877208,0.7067181366874223,1.3348105583705787,0.404896404288769,0.7158142332242143,1.3767966277121428
6.821999999999471,-0.00887324425513808,-0.008924463016082962,-0.041026948194717416,0.3961045199043511,0.7069711300788515,1.3361764788710262,0.40497776415948916,0.7158955930949344,1.3772034270657436
6.839999999999469,-0.008689385198339339,-0.008741990086929996,-0.040014402736440635,0.3963570648704754,0.7072222889173301,1.337532453875931,0.40504645006881473,0.7159642790042601,1.3775468566123716
6.857999999999467,-0.008494863276586606,-0.008548844113256182,-0.038949780292765857,0.39660750973283415,0.7074713578316099,1.3388766910226357,0.40510237300942076,0.716020201944866,1.3778264713154016
6.875999999999465,-0.00828986633655071,-0.008345206113269499,-0.0378344944179021,0.39685559417645244,0.707718083335179,1.3402074144154115,0.40514546051300315,0.7160632894484485,1.3780419088333136
6.893999999999463,-0.008074596923840827,-0.0081312718926283,-0.03667002288456622,0.39710105982034716,0.7079622137870051,1.3415228671046715,0.405175656744188,0.7160934856796334,1.3781928899892377
6.911999999999461,-0.0078492723553511,-0.00790725215111221,-0.03545790560398032,0.39734365021753487,0.708203499357219,1.3428213135287472,0.40519292257288597,0.7161107515083313,1.3782792191327276
6.929999999999459,-0.007614124763836383,-0.00767337256070566,-0.0341997424790248,0.3975831108611632,0.7084416919997393,1.344101041914271,0.4051972356249996,0.7161150645604449,1.3783007843932957
6.947999999999457,-0.007369401112897411,-0.007429873813106336,-0.032897191193979713,0.39781918919851966,0.708676545433756,1.3453603666314033,0.4051885903114171,0.7161064192468624,1.378257557825383
6.965999999999455,-0.007115363180668299,-0.007177011634793229,-0.03155196494424839,0.39805163465458643,0.7089078151359068,1.3465976305003229,0.4051669978352547,0.7160848267707001,1.3781495954445713
6.983999999999453,-0.0068522875106165615,-0.0069150567679180375,-0.030165830109403657,0.398280198666723,0.7091352583448669,1.3478112070455919,0.40513248617733955,0.7160503151127849,1.3779770371549955
7.001999999999451,-0.00658046532799883,-0.00664429491541485,-0.02874060387282107,0.3985046347319511,0.7093586340799803,1.3489995026952262,0.4050851000599499,0.7160029289953952,1.3777401065680472
7.019999999999449,-0.0063002024206582075,-0.006365026648885719,-0.02727815179113957,0.39872469846820346,0.7095777031754212,1.3501609589214665,0.40502490088886167,0.715942729824307,1.377439110712606
7.037999999999447,-0.006011818982990802,-0.00607756727796438,-0.025780385316687804,0.3989401476907841,0.7097922283312559,1.3512940543204846,0.4049519666737749,0.7158697956092203,1.3770744396371724
7.055999999999445,-0.005715649422074254,-0.005782246680039238,-0.024249259275981316,0.39915074250515026,0.7100019741826306,1.352397306628439,0.4048663919272245,0.7157842208626698,1.3766465659044202
7.073999999999443,-0.0054120421251063755,-0.0054794090893847125,-0.022686769307313392,0.39935624541699827,0.7102067073881653,1.3534692746715076,0.40476828754210464,0.71568611647755,1.376156043978821
7.091999999999441,-0.005101359187474119,-0.00516941284492245,-0.021094949260431317,0.3995564214604935,0.7104061967384906,1.3545085602477047,0.40465778064796765,0.715575609583413,1.375603509508136
7.109999999999439,-0.004783976100946774,-0.004852630096033095,-0.019475868561192655,0.39975103834533476,0.7106002132856938,1.3555138099385127,0.40453501444628154,0.7154528433817269,1.3749896784997053
7.127999999999437,-0.00446028140165855,-0.004529446466011056,-0.017831629544092342,0.39993986662320247,0.7107885304942954,1.3564837168485107,0.404400148024861,0.7153179769603064,1.374315346392603
7.145999999999435,-0.004130676277731116,-0.004200260672952427,-0.01616436475546057,0.4001226798739811,0.7109709244142052,1.3574170222713982,0.4042533561517122,0.7151711850871576,1.3735813870268587
7.163999999999433,-0.0037955741365621187,-0.0038654841080625335,-0.014476234230123453,0.40029925491199525,0.7111471738759402,1.3583125172809611,0.40409482904855737,0.7150126579840027,1.3727887515110846
7.181999999999431,-0.0034554001319920813,-0.003525540371548397,-0.01276942274425541,0.40046937201234234,0.7113170607082313,1.3591690442457143,0.4039247721443344,0.7148426010797797,1.3719384669899697
7.199999999999429,-0.0031105906517364668,-0.003180864766467617,-0.011046137047159732,0.40063281515725324,0.7114803699779675,1.3599854982660866,0.4037434058089897,0.7146612347444351,1.3710316353132463
7.217999999999427,-0.0027615927656608474,-0.0028319037510905476,-0.00930860307464787,0.4007893723022487,0.7116368902522643,1.3607608285331976,0.40355096506790955,0.7144687940033548,1.3700694316078454
7.235999999999425,-0.002408863635640579,-0.002479114350520728,-0.007559063146714395,0.40093883566171934,0.7117864138822846,1.361494039608383,0.4033476992973599,0.7142655282328053,1.3690531027550974
7.253999999999423,-0.0020528698879408447,-0.0021229635285076043,-0.005799773152176391,0.4010810020133892,0.7119287373082678,1.3621841926227714,0.40313387190133004,0.7140517008367754,1.3679839657749477
7.271999999999421,-0.001694086949209861,-0.0017639275205705296,-0.004032999722958008,0.40121567302098754,0.7120636613850722,1.3628304063963266,0.4029097599701974,0.7138275889056427,1.3668634061192846
7.289999999999419,-0.0013329983473547302,-0.0014024911297245701,-0.0022610174007009487,0.4013426555743029,0.7121909917273783,1.3634318584758849,0.4026756539216576,0.7135934828571029,1.3656928758765858
7.307999999999417,-0.0009700949787353474,-0.0010391469862839342,-0.0004861057984044681,0.4014617621456483,0.712310539073545,1.3639877860918117,0.4024318571243837,0.713349686059829,1.3644738918902162
7.325999999999415,-0.000605874343261037,-0.0006743947733772737,0.0012894532401757086,0.4015728111616415,0.7124221196669707,1.3644974870329862,0.40217868550490254,0.7130965144403479,1.3632080337928105
7.343999999999413,-0.00024083974914135275,-0.00030874041997253077,0.0030633784806195496,0.4016756273890574,0.7125255556536716,1.364960320439911,0.40191646713819873,0.7128342960736441,1.3618969419592915
7.361999999999411,0.00012450051082651958,5.730473662579616e-05,0.0048333921346386255,0.4017700423334014,0.712620675494646,1.3653757075158106,0.4016455418225749,0.7125633707580202,1.360542315381172
7.379999999999409,0.000489634009397999,0.00042322481671452916,0.006597222690743143,0.40185589464871874,0.7127073143914806,1.3657431321556446,0.40136626063932074,0.7122840895747661,1.3591459094649014
7.397999999999407,0.0008540450592954829,0.0007885002903137428,0.008352607735911732,0.4019330305570566,0.7127853147235202,1.366062141493015,0.4010789854977611,0.7119968144332065,1.3577095337571032
7.415999999999405,0.0012172156096082465,0.0011526088931069767,0.010097296765346542,0.4020013042758801,0.7128545264948242,1.3663323463650037,0.40078408866627185,0.7117019176017172,1.3562350495996571
7.433999999999403,0.0015786261617860564,0.0015150265637040583,0.011829053977350013,0.4020605784516583,0.7129148077890216,1.366553421695009,0.40048195228987227,0.7113997812253176,1.354724367717659
7.451999999999401,0.001937756702720339,0.001875228399615625,0.013545661050305968,0.4021107245977389,0.7129660252300795,1.3667251067936963,0.40017296789501855,0.7110907968304638,1.3531794457433903
7.469999999999399,0.0022940876523214193,0.0022326896292427234,0.01524491989870902,0.40215162353456174,0.7130080544469284,1.3668472055782084,0.3998575358822403,0.7107753648176857,1.3516022856794994
7.487999999999397,0.0026471008229064785,0.00258688659707218,0.016924655405135436,0.4021831658301842,0.7130407805397952,1.3669195867098218,0.39953606500727773,0.7104538939427231,1.3499949313046864
7.505999999999395,0.0029962803876464883,0.002937297759208035,0.018582718124994457,0.4022052522390375,0.7130640985460445,1.3669421836502473,0.39920897185139104,0.7101268007868364,1.3483594655252529
7.523999999999393,0.00334111385525121,0.0032834046862880717,0.020216986960886585,0.4022177941367809,0.713077913903263,1.3669149946368326,0.39887668028152967,0.709794509216975,1.346698007675946
7.541999999999391,0.0036810930480289383,0.0036246930707893865,0.02182537180333144,0.40222071394908887,0.7130821429072947,1.3668380825769288,0.39853962090105993,0.7094574498365053,1.3450127107735974
7.559999999999389,0.004015715080404547,0.0039606537356698945,0.023405816134621782,0.40221394557216805,0.7130767131628787,1.3667115748617369,0.3981982304917635,0.7091160594272088,1.343305758727115
7.5779999999993874,0.004344483334965621,0.004290783641274554,0.024956299592529874,0.4021974347827947,0.713061564024549,1.366535663099973,0.39785295144782906,0.7087707803832745,1.3415793635074431
7.5959999999993855,0.00466690843308204,0.004614586887406236,0.026474840490584572,0.40217113963565376,0.7130366470254234,1.366310602771741,0.3975042312025717,0.7084220601380171,1.3398357622811565
7.6139999999993835,0.004982509197146268,0.00493157570746261,0.02795949829164268,0.402135030845768,0.7130019262915297,1.3660367128030493,0.39715252164862175,0.7080703505840671,1.3380772145114066
7.6319999999993815,0.00529081360148792,0.005241271451544183,0.029408376031464734,0.402089092153823,0.7129573789393245,1.3657143750614378,0.39679827855233507,0.7077161074877804,1.336305999029973
7.6499999999993795,0.005591359709038846,0.005543205555460062,0.030819622689059134,0.40203332067222275,0.7129029954540893,1.3653440337732765,0.3964419609631839,0.7073597898986292,1.3345244110842174
7.6679999999993775,0.005883696590866516,0.005836920492593212,0.032191435500561916,0.4019677272097595,0.7128387800469315,1.3649261948633244,0.39608403061889297,0.7070018595543383,1.3327347593627625
7.6859999999993756,0.006167385225730626,0.006121970705635138,0.03352206221347065,0.40189233657282236,0.7127647509881723,1.3644614252172271,0.39572495134709174,0.7066427802825371,1.3309393630037565
7.703999999999374,0.006441999376883278,0.006397923515254811,0.034809803278126994,0.4018071878411424,0.7126809409149593,1.3639503518677203,0.3953651884642591,0.7062830173997044,1.3291405485895933
7.721999999999372,0.006707126443411093,0.0066643600028502,0.03605301397337235,0.40171233461614914,0.7125873971110336,1.3633936611053603,0.39500520817273804,0.7059230371081834,1.327340647131988
7.73999999999937,0.006962368283488118,0.006920875864605547,0.03725010646342852,0.40160784524009097,0.7124841817566537,1.3627920975147405,0.39464547695660285,0.7055633058920482,1.325541991051312
7.757999999999368,0.0072073420070192795,0.007167082234184163,0.03839955178311194,0.40149380298418025,0.7123713721467905,1.3621464629372144,0.39428646097716097,0.7052042899126063,1.3237469111541025
7.775999999999366,0.007441680735245815,0.0074026064714900475,0.03949988174861829,0.40137030620411895,0.7122490608758085,1.3614576153612816,0.39392862546887314,0.7048464544043185,1.3219577336126633
7.793999999999364,0.007665034325021081,0.007627092915061473,0.04054969079122572,0.4012374684614958,0.7121173559869816,1.360726467741897,0.39357243413647475,0.7044902630719201,1.3201767769506714
7.811999999999362,0.007877070055571256,0.007840203595779194,0.04154763771139591,0.40109541860965064,0.7119763810853039,1.3599539867500905,0.3932183485540794,0.7041361774895247,1.3184063490386946
7.82999999999936,0.008077473275707403,0.008041618909727988,0.04249244735088609,0.4009443008427507,0.7118262754122167,1.3591411914544003,0.3928668275670433,0.7037846565024887,1.3166487441035142
7.847999999999358,0.008265948009596846,0.008231038248188494,0.04338291218064616,0.400784274706963,0.711667193881,1.3582891519357747,0.39251832669736614,0.7034361556328115,1.3149062397551285
7.865999999999356,0.008442217519354478,0.008408180582907043,0.04421789380241603,0.4006155150727526,0.7114993070717506,1.3573989878377044,0.39217329755339814,0.7030911264888435,1.3131810940352884
7.883999999999354,0.008606024822871927,0.008572785004950179,0.044996324362120754,0.40043821206749086,0.7113228011850145,1.3564718668535132,0.39183218724461893,0.7027500161800643,1.3114755424913924
7.901999999999352,0.008757133165479936,0.008724611215627731,0.04571720787331501,0.40025257096772615,0.7111378779533193,1.3555090031528438,0.3914954378022462,0.7024132667376916,1.3097917952795288
7.91999999999935,0.008895326444194884,0.008863439968151421,0.04637962144911567,0.4000588120506201,0.7109447545100219,1.3545116557495394,0.3911634856064252,0.7020813145418705,1.3081320343004237
7.937999999999348,0.009020409583492983,0.0089890734588709,0.04698271644123331,0.39985717040423396,0.7107436632150572,1.353481126813236,0.390836760820741,0.7017545897561863,1.3064984103720028
7.955999999999346,0.009132208861722613,0.009101335667130006,0.04752571948489637,0.39964789569650944,0.7105348514373622,1.3524187599271282,0.3905156868347868,0.7014335157702322,1.3048930404422319
7.973999999999344,0.009230572187452601,0.009200072642966517,0.04800793344863874,0.3994312519029629,0.7103185812939221,1.351325938294488,0.3902006797155103,0.7011185086509556,1.3033180048458493
7.991999999999342,0.00931536932523569,0.009285152742072866,0.04842873828811256,0.3992075169932847,0.7100951293455672,1.3502040828966555,0.389892147668049,0.7008099766034943,1.301775344608543
8.009999999999344,0.009386492070450614,0.009356466807635133,0.048787591803245434,0.3989769825772043,0.7098647862498342,1.3490546506053116,0.3895904905067537,0.700508319442199,1.3002670588020662
8.02799999999935,0.009443854373066995,0.00941392829885268,0.04908403029826225,0.3987399535101518,0.7096278563713828,1.347879132251984,0.3892960991370848,0.7002139280725301,1.2987951019537218
8.045999999999356,0.009487392410357454,0.009457473366135116,0.049317669144236076,0.39849674745941144,0.7093846573506344,1.3466790506578037,0.389009355049054,0.6999271839844993,1.2973613815135676
8.063999999999362,0.009517064608765058,0.009487060873164643,0.04948820324401071,0.398247694431631,0.7091355196314759,1.3454559586266384,0.38873062982286594,0.6996484587583113,1.2959677553826277
8.081999999999368,0.009532851615301041,0.009502672366190623,0.04959540739949175,0.39799313626270405,0.708880785949039,1.3442114369048046,0.388460284647403,0.6993781135828484,1.2946160295053128
8.099999999999374,0.009534756219026497,0.009504311991119785,0.0496391365814417,0.397733426071201,0.7086208107787396,1.342947092110612,0.3881986698521745,0.6991164987876198,1.2933079555291702
8.11799999999938,0.009522803223333876,0.00949200635912173,0.04961932610206987,0.3974689276766728,0.708355959747906,1.3416645546370622,0.3879461244533389,0.6988639533887843,1.2920452285349924
8.135999999999386,0.009497039269903251,0.009465804361659336,0.049535991690816905,0.39720001498428964,0.708086609011491,1.3403654765310464,0.3877029757143864,0.6986208046498317,1.2908294848402295
8.153999999999392,0.009457532615366082,0.009425776936010655,0.049389229473871366,0.3969270713374171,0.707813144593507,1.3390515293524243,0.38746953872205103,0.6983873676574963,1.289662299878553
8.171999999999398,0.00940437286185769,0.00937201678250732,0.04917921585805174,0.3966504888398603,0.7075359616959552,1.3377244020163626,0.3872461159780026,0.6981639449134479,1.2885451861583108
8.189999999999404,0.009337670642772467,0.009304638034865365,0.04890620731978146,0.3963706676496192,0.7072554639771574,1.3363857986223129,0.38703299700684674,0.6979508259422921,1.2874795913025314
8.20799999999941,0.009257557265176464,0.009223775885132457,0.04857054009998385,0.396088015246118,0.7069720628015194,1.335037436272989,0.3868304579809415,0.6977482869163869,1.2864668961730052
8.225999999999416,0.00916418431045568,0.009129586164900672,0.04817262980578274,0.39580294567297236,0.7066861764628627,1.333681042886664,0.3866387613625167,0.697556590297962,1.2855084130808812
8.243999999999422,0.009057723194887346,0.009022244884568487,0.047712970919959075,0.3955158787584469,0.7063982293835734,1.3323183550060547,0.38645815556355956,0.697375984499005,1.2846053840860956
8.261999999999428,0.008938364691936262,0.008901947732551263,0.047192136219178504,0.3952272393158439,0.7061086512919043,1.3309511156070144,0.38628887462390765,0.697206703559353,1.283758979387836
8.279999999999434,0.00880631841817714,0.008768909536439051,0.0466107761020258,0.3949374563261429,0.7058178763798502,1.3295810719101524,0.38613113790796577,0.6970489668434111,1.2829702958081266
8.29799999999944,0.00866181228482682,0.00862336368821559,0.04596961782792408,0.39464696210526756,0.7055263424441016,1.3282099731984256,0.38598514982044074,0.696902978755886,1.2822403553705015
8.315999999999447,0.008505091916957086,0.008465561535717647,0.045269464668048265,0.39435619145841827,0.7052344900126242,1.3268395686436518,0.3858510995414612,0.6967689284769065,1.2815701039756036
8.333999999999453,0.008336420042530657,0.008295771742620306,0.04451119496932887,0.3940655808239573,0.7049427614594923,1.32547160514476,0.38572916078142666,0.696646989716872,1.280960410175431
8.351999999999459,0.008156075853458233,0.008114279619279352,0.04369576113267759,0.3937755674093617,0.7046516001106281,1.3241078251804927,0.38561949155590347,0.6965373204913488,1.2804120640478152
8.369999999999465,0.007964354340939284,0.007921386426838262,0.0428241885065459,0.3934865883217976,0.7043614493431419,1.3227499646791352,0.38552223398085833,0.6964400629163037,1.2799257761725893
8.38799999999947,0.007761565607384113,0.007717408657050173,0.041897574196928966,0.39319907969588025,0.7040727516809917,1.3213997509077073,0.38543751408849614,0.6963553430239415,1.2795021767107784
8.405999999999477,0.00754803415725408,0.007502677290305737,0.04091708579493192,0.3929134758211939,0.703785947889691,1.3200589003829288,0.3853654416639398,0.6962832705993852,1.279141814587997
8.423999999999483,0.007324098169184612,0.007277537034395043,0.039883960022970566,0.3926302082721489,0.7035014760728047,1.3187291168060897,0.3853061101029643,0.6962239390384096,1.2788451567831192
8.441999999999489,0.007090108751774626,0.007042345546548923,0.03879950130070364,0.3923497050427429,0.7032197707729626,1.317412089023843,0.3852595962909683,0.6961774252264137,1.2786125877231393
8.459999999999495,0.006846429185430825,0.006797472641318025,0.037665080231761516,0.39207238968877295,0.7029412620801054,1.3161094890167697,0.3852259605033421,0.6961437894387874,1.2784444087850082
8.4779999999995,0.00659343415266217,0.006543299486854726,0.03648213201232253,0.39179868048002087,0.7026663747496588,1.3148229699174139,0.3852052463273587,0.696123075262804,1.2783408379050913
8.495999999999507,0.0063315089592130835,0.006280217792157372,0.035252154762591914,0.39152898956490406,0.7023955273332937,1.3135541640593447,0.385197480605691,0.6961153095411363,1.2783020092967528
8.513999999999513,0.006061048748401021,0.006008628987815956,0.03397670778223283,0.39126372215002836,0.7021291313248886,1.3123046810586672,0.38520267340162734,0.6961205023370727,1.2783279732764343
8.531999999999519,0.005782457711012878,0.005728943402788511,0.03265740973079012,0.39100327569704385,0.7018675903242648,1.3110761059292426,0.385220817986031,0.6961386469214763,1.2784186961984525
8.549999999999525,0.005496148293078151,0.0054415794396910355,0.03129593673417386,0.39074803913913825,0.7016112992211965,1.309869997232772,0.3852518908460601,0.6961697197815054,1.2785740604985982
8.56799999999953,0.005202540403792588,0.0051469627510569715,0.029894020418278267,0.3904983921194297,0.7013606434021394,1.3086878852647617,0.3852958517156371,0.6962136806510825,1.2787938648464834
8.585999999999537,0.004902060625836979,0.004845525418965657,0.028453445870835647,0.3902547042534649,0.7011159979820389,1.3075312702772732,0.38535264362762794,0.6962704725630733,1.2790778244064376
8.603999999999543,0.004595141430265293,0.004537705140387982,0.0269760495326552,0.39001733441792863,0.7008777270634966,1.3064016207392697,0.38542219298766334,0.6963400219231086,1.2794255712066145
8.621999999999549,0.004282220398086345,0.00422394442052898,0.025463717019431176,0.38978663006759323,0.7006461830254812,1.3053003716352634,0.3855044096695069,0.6964222386049522,1.2798366546158322
8.639999999999555,0.0039637394505954715,0.003904689776381365,0.023918380875375567,0.3895629265824417,0.7004217058436729,1.3042289228029045,0.3855991871318462,0.6965170160672916,1.280310541927529
8.65799999999956,0.0036401440904379467,0.0035803909526185285,0.022342018260007146,0.38934654664679325,0.7002046224444192,1.3031886373100814,0.3857064025563553,0.6966242314918006,1.2808466190500742
8.675999999999567,0.0033118826553005243,0.0032515001518698128,0.02073664856949886,0.3891377996621507,0.6999952460941653,1.3021808398720471,0.38582591700685015,0.6967437459422955,1.2814441913025483
8.693999999999573,0.002979405586055306,0.002918471281332824,0.019104330994110352,0.38893698119538556,0.6997938758261084,1.3012068153090595,0.38595757560933025,0.6968754045447756,1.282102484314949
8.711999999999579,0.0026431647110691237,0.0025817592175636506,0.017447162013323858,0.38874437246374327,0.6996007959056831,1.3002678070449922,0.38610120775267415,0.6970190366881195,1.2828206450316684
8.729999999999585,0.002303612548308631,0.002241819091196695,0.015767272830445656,0.3885602398580356,0.6994162753363691,1.2993650156473784,0.386256627309727,0.6971744562451724,1.2835977428169327
8.74799999999959,0.0019612016267548937,0.0018991055932086054,0.014066826748567296,0.38838483450525063,0.6992405674071497,1.2984995974093436,0.38642363287849574,0.6973414618139411,1.2844327706607763
8.765999999999597,0.0016163838285450094,0.0015540723042425375,0.012348016489932556,0.3882183918716826,0.6990739092828255,1.2976726629739184,0.3866020080431376,0.697519836978583,1.2853246464839858
8.783999999999603,0.001269609753126899,0.00120717104836765,0.01061306146093588,0.3880611314075319,0.698916521638218,1.2968852760012588,0.386791521654405,0.6977093505898504,1.286272214540323
8.801999999999609,0.0009213281046085431,0.0008588512725228314,0.008864204965127742,0.387913256233791,0.6987686083371506,1.2961384518793377,0.3869919281291825,0.6979097570646278,1.28727424691421
8.819999999999615,0.0005719851033540446,0.0005095594527577685,0.007103711366827747,0.38777495287208197,0.698630356156931,1.295433156478765,0.3872029677687279,0.6981207967041733,1.2883294451119371
8.83799999999962,0.00022202392274484062,0.000159738528241693,0.005333863208096812,0.38764639101795084,0.698501934558893,1.2947703049524246,0.387424367095206,0.6983421960306513,1.2894364417443278
8.855999999999627,-0.0001281158480962996,-0.00019017263613618773,0.00355695828206537,0.3875277233579808,0.6983834955053863,1.2941507605807487,0.3876558392060771,0.6985736681415224,1.2905938022986834
8.873999999999633,-0.0004779987149628462,-0.0005397397578965624,0.0017753066657948402,0.38741908543092,0.6982751733234316,1.293575333663507,0.38789708414588286,0.6988149130813281,1.2918000269977121
8.891999999999639,-0.0008271937620837333,-0.0008885336153056089,-8.77228391882312e-06,0.38732059553286263,0.6981770846150861,1.2930447804591108,0.38814778929494637,0.6990656182303917,1.2930535527430296
8.909999999999645,-0.0011752751081227641,-0.0012361304955457175,-0.0017929529681854905,0.38723235466636086,0.6980893282143832,1.2925598021725302,0.3884076297744836,0.6993254587099289,1.2943527551407157
8.92799999999965,-0.001521822334416334,-0.0015821126125069584,-0.0035749066132706453,0.3871544465331846,0.6980119851905393,1.2921210439930315,0.3886762688676009,0.6995940978030463,1.2956959506063022
8.945999999999657,-0.0018664208853521047,-0.0019260684941377892,-0.005352304363390292,0.38708693757028073,0.6979451188969403,1.2917290941830715,0.38895335845563284,0.6998711873910781,1.2970813985464618
8.963999999999663,-0.0022086624409306532,-0.0022675933394576964,-0.007122820394800611,0.3870298770283246,0.6978887750652429,1.2913844832197734,0.38923853946925524,0.7001563684047006,1.298507303614574
8.981999999999669,-0.0025481452616956113,-0.002606289345484236,-0.008884135046702157,0.38698329709209345,0.6978429819437502,1.2910876829905409,0.38953144235378906,0.7004492712892344,1.299971818037243
8.999999999999675,-0.0028844745063542065,-0.002941766004480595,-0.01063393796428036,0.38694721304173696,0.6978077504790559,1.2908391060444733,0.38983168754809117,0.7007495164835364,1.3014730440087536
9.017999999999681,-0.0032172625225529994,-0.003273640372094544,-0.012369931249027522,0.3869216234538596,0.6977830745397634,1.2906391049013333,0.3901388859764126,0.701056714911858,1.3030090361503608
9.035999999999687,-0.0035461291114079474,-0.003601537307093672,-0.014089832611300812,0.38690651044117846,0.6977689311809381,1.2904879714199289,0.3904526395525864,0.7013704684880318,1.3045778040312297
9.053999999999693,-0.003870701766514606,-0.003925089683555094,-0.015791378519898647,0.38690183992937677,0.6977652809477816,1.290385936227856,0.3907725416958914,0.7016903706313367,1.3061773147477547
9.071999999999699,-0.004190615888302163,-0.004243938576510953,-0.017472327343311278,0.3869075619696218,0.6977720682168583,1.2903331682146062,0.39109817785792395,0.7020160067933693,1.3078054955579175
9.089999999999705,-0.004505514974707692,-0.00455773342218313,-0.019130462477140675,0.3869236110850871,0.697789221573057,1.290329774090131,0.3914291260597948,0.7023469549952401,1.3094602365672716
9.107999999999711,-0.004815050789271524,-0.004866132154064728,-0.020763595452093275,0.38694990664968293,0.697816654220335,1.2903757980109767,0.39176495743895445,0.7026827863743997,1.31113939346307
9.125999999999717,-0.005118883507859329,-0.0051688013162360935,-0.022369569016837287,0.38698635329707975,0.6978542644241483,1.290471221276156,0.3921052368049391,0.7030230657403844,1.3128407902929933
9.143999999999723,-0.0054166818453230126,-0.005465416155406744,-0.023946260189962487,0.38703284135799365,0.6979019359833553,1.2906159620949185,0.39244952320331666,0.703367352138762,1.314562222284881
9.161999999999729,-0.005708123163503276,-0.0057556606932813725,-0.025491583275218943,0.3870892473235985,0.6979595387292657,1.2908098754285877,0.3927973704871018,0.7037151994225471,1.3163014587038067
9.179999999999735,-0.0059928935620658375,-0.006039227780941903,-0.02700349283418424,0.3871554343328343,0.6980269290494036,1.291052752908614,0.3931483278949001,0.7040661568303455,1.3180562457427982
